config,universe,target,alpha,smooth,weight,SR_daily,SR_ann,bps_day
all|y_on|a10|s5|proportional,all,y_on,10.0,5,proportional,0.0954483796765637,1.5151960540095553,2.9625565349007372
all|y_on|a100|s5|proportional,all,y_on,100.0,5,proportional,0.09537096663720955,1.513967160107367,2.961249774566119
all|y_on|a1000|s5|decile,all,y_on,1000.0,5,decile,0.09513126578703729,1.5101620270757277,4.288201527551506
all|y_on|a1000|s5|proportional,all,y_on,1000.0,5,proportional,0.0946592467406843,1.5026689570113123,2.9486379733853
all|y_on|a100|s5|decile,all,y_on,100.0,5,decile,0.09201034170492838,1.4606188931838915,4.092004758848927
all|y_on|a10|s5|decile,all,y_on,10.0,5,decile,0.09173519408390085,1.4562510601094723,4.079410705237427
all|y_on|a100|s5|quintile,all,y_on,100.0,5,quintile,0.09086214043957956,1.4423917631649155,3.0930333680826747
all|y_on|a1000|s5|quintile,all,y_on,1000.0,5,quintile,0.09070788292771337,1.4399430010793464,3.1155871824865655
all|y_on|a10|s5|quintile,all,y_on,10.0,5,quintile,0.08951149524920246,1.4209509354655758,3.0424119950217245
all|y_on|a100|s20|decile,all,y_on,100.0,20,decile,0.08915813128645199,1.4153414564591955,4.16102940143421
all|y_on|a1000|s20|decile,all,y_on,1000.0,20,decile,0.0883588177695294,1.402652747747098,4.1963737456217025
all|y_on|a10|s20|decile,all,y_on,10.0,20,decile,0.08835476061899686,1.402588342479054,4.1197325006138446
all|y_on|a10|s20|proportional,all,y_on,10.0,20,proportional,0.08739966626798856,1.3874266896908305,2.8554202721521476
all|y_on|a100|s20|proportional,all,y_on,100.0,20,proportional,0.08728652781154973,1.3856306723741014,2.8525139021240675
all|y_on|a1000|s20|proportional,all,y_on,1000.0,20,proportional,0.08633648759565045,1.3705492514934237,2.827967713802397
all|y_on|a100|s1|decile,all,y_on,100.0,1,decile,0.08501671395142571,1.349598494396327,3.6266075592439373
all|y_on|a100|s20|quintile,all,y_on,100.0,20,quintile,0.08466684626828029,1.3440445171080404,3.0102126687577058
all|y_on|a10|s20|quintile,all,y_on,10.0,20,quintile,0.08429994815647471,1.33822019014602,2.995115115734474
all|y_on|a10|s1|decile,all,y_on,10.0,1,decile,0.08412653668868278,1.335467368436435,3.5862738157164937
all|y_on|a1000|s20|quintile,all,y_on,1000.0,20,quintile,0.08245366096009413,1.3089112895234658,2.9615000767214585
all|y_on|a1000|s1|decile,all,y_on,1000.0,1,decile,0.08243235025636629,1.3085729925895,3.5516626766448334
all|y_on|a10|s1|proportional,all,y_on,10.0,1,proportional,0.08188862841875935,1.2999416760012819,2.4433323054516456
all|y_on|a100|s1|proportional,all,y_on,100.0,1,proportional,0.08178991331143734,1.2983746222535675,2.4415437864065552
all|y_on|a1000|s1|proportional,all,y_on,1000.0,1,proportional,0.08094016206929286,1.2848852394756722,2.4251270318058156
pit|y_on|a1000|s5|decile,pit,y_on,1000.0,5,decile,0.07907886854361795,1.2553381207606897,3.429196782139807
pit|y_on|a10|s5|proportional,pit,y_on,10.0,5,proportional,0.07902408718531906,1.2544684936574426,2.3523309433136026
pit|y_on|a100|s5|proportional,pit,y_on,100.0,5,proportional,0.07895464804881572,1.253366181538785,2.353146843821014
pit|y_on|a10|s5|quintile,pit,y_on,10.0,5,quintile,0.07877065759162001,1.2504454235786917,2.6124890760181363
pit|y_on|a1000|s5|proportional,pit,y_on,1000.0,5,proportional,0.07843999711291622,1.2451963512084048,2.361603206851446
pit|y_on|a1000|s5|quintile,pit,y_on,1000.0,5,quintile,0.07798581077840462,1.2379863666683948,2.623193628889598
pit|y_on|a100|s5|quintile,pit,y_on,100.0,5,quintile,0.07761206885512177,1.2320533975672423,2.58113298830045
pit|y_on|a100|s5|decile,pit,y_on,100.0,5,decile,0.07607323766365337,1.2076252097132347,3.254669119649431
pit|y_on|a10|s5|decile,pit,y_on,10.0,5,decile,0.07535848807349765,1.1962789117218104,3.226373891393937
all|y_on|a1000|s1|quintile,all,y_on,1000.0,1,quintile,0.07341304335939577,1.165395934304178,2.415016001358183
pit|y_on|a100|s20|decile,pit,y_on,100.0,20,decile,0.07326813257107796,1.1630955468551025,3.291149232536343
all|y_on|a100|s1|quintile,all,y_on,100.0,1,quintile,0.073050634381804,1.159642870138548,2.3891520032973843
pit|y_on|a10|s20|decile,pit,y_on,10.0,20,decile,0.07264142207515885,1.153146826157687,3.263590291873536
all|y_on|a10|s1|quintile,all,y_on,10.0,1,quintile,0.07262807905373168,1.15293501225908,2.370687159010424
pit|y_on|a10|s20|proportional,pit,y_on,10.0,20,proportional,0.0716179765791767,1.1369001325808996,2.244774914381905
pit|y_on|a100|s20|proportional,pit,y_on,100.0,20,proportional,0.07152651798362547,1.1354482723863726,2.2454379391990895
pit|y_on|a1000|s20|decile,pit,y_on,1000.0,20,decile,0.07136235085091455,1.1328421999467508,3.2811381332973455
pit|y_on|a1000|s20|proportional,pit,y_on,1000.0,20,proportional,0.07057816750080938,1.1203936751868162,2.239975358438913
pit|y_on|a1000|s20|quintile,pit,y_on,1000.0,20,quintile,0.06975784167832588,1.107371406464801,2.46789180574726
pit|y_on|a100|s20|quintile,pit,y_on,100.0,20,quintile,0.06969002394891925,1.106294833385855,2.423039179860492
pit|y_on|a10|s20|quintile,pit,y_on,10.0,20,quintile,0.06956860379041264,1.1043673481245038,2.4112212676493865
pit|y_on|a100|s1|decile,pit,y_on,100.0,1,decile,0.06302948498392459,1.0005620551916665,2.5845460443500126
pit|y_on|a10|s1|decile,pit,y_on,10.0,1,decile,0.06284562014696085,0.9976432913909336,2.577396364608702
pit|y_on|a1000|s1|decile,pit,y_on,1000.0,1,decile,0.061799267702017414,0.9810329612726651,2.560321708090332
pit|y_on|a100|s1|quintile,pit,y_on,100.0,1,quintile,0.0608672419962301,0.966237511874469,1.909796332495908
pit|y_on|a10|s1|proportional,pit,y_on,10.0,1,proportional,0.06067014016603433,0.9631086173205469,1.736775294815412
pit|y_on|a100|s1|proportional,pit,y_on,100.0,1,proportional,0.06061689923060759,0.9622634436723013,1.7371767406257033
pit|y_on|a10|s1|quintile,pit,y_on,10.0,1,quintile,0.0603441236425534,0.9579332654539765,1.8974412339764788
pit|y_on|a1000|s1|proportional,pit,y_on,1000.0,1,proportional,0.06016281975942431,0.9550551555350372,1.7385145350557412
pit|y_on|a1000|s1|quintile,pit,y_on,1000.0,1,quintile,0.05738874186048581,0.9110180341063661,1.8291970097196675
all|y_cc|a1000|s1|decile,all,y_cc,1000.0,1,decile,0.039933392238707864,0.6339229492249073,3.2324862963121683
all|y_cc|a1000|s1|proportional,all,y_cc,1000.0,1,proportional,0.03710786558357517,0.5890691041113156,2.185727573062855
all|y_cc|a100|s1|decile,all,y_cc,100.0,1,decile,0.03698263118321022,0.5870810696375799,2.9575517031075385
all|y_cc|a10|s1|decile,all,y_cc,10.0,1,decile,0.036864894532797066,0.5852120582544342,2.944974866358507
all|y_cc|a100|s1|proportional,all,y_cc,100.0,1,proportional,0.03653060437989697,0.5799053665925658,2.1281419054997794
all|y_cc|a10|s1|proportional,all,y_cc,10.0,1,proportional,0.036456270046236174,0.5787253456281247,2.1205117264535818
all|y_cc|a10|s1|quintile,all,y_cc,10.0,1,quintile,0.03568753274320462,0.5665220192639647,2.274900044308645
all|y_cc|a100|s1|quintile,all,y_cc,100.0,1,quintile,0.035580602958309,0.5648245615524881,2.2759963677550217
all|y_cc|a10|s5|quintile,all,y_cc,10.0,5,quintile,0.03397179412856661,0.5392855131292288,2.291464083356933
all|y_cc|a1000|s5|decile,all,y_cc,1000.0,5,decile,0.03396313791527756,0.5391481000032787,2.8463994624321343
all|y_cc|a1000|s1|quintile,all,y_cc,1000.0,1,quintile,0.03378488012382556,0.536318345290629,2.1980503446340203
all|y_cc|a100|s5|quintile,all,y_cc,100.0,5,quintile,0.033397794419215664,0.5301735502278331,2.256554489799725
all|y_cc|a10|s5|proportional,all,y_cc,10.0,5,proportional,0.03242983088114714,0.514807605428388,1.972662482812853
all|y_cc|a100|s5|proportional,all,y_cc,100.0,5,proportional,0.03238014743309634,0.5140189051414763,1.9732470062335257
all|y_cc|a10|s5|decile,all,y_cc,10.0,5,decile,0.032313719533174017,0.5129643949216117,2.6798759412122117
all|y_cc|a100|s5|decile,all,y_cc,100.0,5,decile,0.03221804401125592,0.5114455930963022,2.672995991773165
all|y_cc|a1000|s5|proportional,all,y_cc,1000.0,5,proportional,0.032133606079721454,0.5101051824879368,1.9829562364555469
all|y_cc|a1000|s5|quintile,all,y_cc,1000.0,5,quintile,0.03212802223535846,0.5100165417066719,2.2087454689761206
pit|y_cc|a100|s1|quintile,pit,y_cc,100.0,1,quintile,0.030470617954981804,0.4837060644200482,1.7889606899939854
pit|y_cc|a1000|s1|quintile,pit,y_cc,1000.0,1,quintile,0.02994423410186908,0.47534997980307087,1.7961960632491178
pit|y_cc|a1000|s1|proportional,pit,y_cc,1000.0,1,proportional,0.029815056668070612,0.4732993516140773,1.6308824805848807
pit|y_cc|a10|s1|quintile,pit,y_cc,10.0,1,quintile,0.029480801632515083,0.46799321742277145,1.725408919380975
pit|y_cc|a1000|s1|decile,pit,y_cc,1000.0,1,decile,0.029269105475755293,0.46463264511700414,2.2321866637582155
pit|y_cc|a100|s1|proportional,pit,y_cc,100.0,1,proportional,0.028649274097320855,0.4547931270242128,1.5431278597026905
pit|y_cc|a10|s1|proportional,pit,y_cc,10.0,1,proportional,0.028519044105118862,0.4527257899885627,1.5318186853795468
pit|y_cc|a1000|s5|decile,pit,y_cc,1000.0,5,decile,0.027940523092741292,0.44354205362670446,2.218319599169254
pit|y_cc|a10|s1|decile,pit,y_cc,10.0,1,decile,0.02603715492058548,0.41332702060518534,1.9238925011806616
pit|y_cc|a100|s1|decile,pit,y_cc,100.0,1,decile,0.02594053778718439,0.41179327116098197,1.9238965068979963
pit|y_cc|a100|s5|decile,pit,y_cc,100.0,5,decile,0.025431814689315928,0.403717542342056,1.9591725149467623
pit|y_cc|a1000|s5|quintile,pit,y_cc,1000.0,5,quintile,0.025126247849056545,0.3988668191326512,1.6084879054633363
all|y_cc|a10|s20|quintile,all,y_cc,10.0,20,quintile,0.02382604813328417,0.37822678851674785,1.6733696310137072
pit|y_cc|a1000|s5|proportional,pit,y_cc,1000.0,5,proportional,0.023692705006641137,0.3761100320039243,1.383063585666806
pit|y_cc|a100|s5|quintile,pit,y_cc,100.0,5,quintile,0.023573415641897754,0.3742163720449291,1.4612213089612605
all|y_cc|a1000|s20|quintile,all,y_cc,1000.0,20,quintile,0.02355614990502174,0.37394228696907184,1.6889434202950218
pit|y_cc|a10|s5|decile,pit,y_cc,10.0,5,decile,0.023348001192395825,0.3706380285931133,1.7887869927343811
pit|y_cc|a10|s5|quintile,pit,y_cc,10.0,5,quintile,0.023094725798493882,0.36661740636025447,1.428031395911315
all|y_cc|a100|s20|quintile,all,y_cc,100.0,20,quintile,0.02304478936173343,0.36582469000208134,1.622123233074181
pit|y_cc|a100|s5|proportional,pit,y_cc,100.0,5,proportional,0.02267637338614679,0.3599762676995284,1.2919198052819105
pit|y_cc|a10|s5|proportional,pit,y_cc,10.0,5,proportional,0.02259794262989802,0.35873121804249053,1.281767451853679
all|y_cc|a1000|s20|proportional,all,y_cc,1000.0,20,proportional,0.022398112516746508,0.35555901333932577,1.4346996114420794
all|y_cc|a100|s20|proportional,all,y_cc,100.0,20,proportional,0.02208782743656987,0.35063339039323904,1.4011079580516324
all|y_cc|a10|s20|proportional,all,y_cc,10.0,20,proportional,0.022038396347485674,0.34984869618072784,1.39582529016746
all|y_cc|a1000|s20|decile,all,y_cc,1000.0,20,decile,0.018583999129388167,0.2950118403684117,1.6281835328991459
all|y_cc|a10|s20|decile,all,y_cc,10.0,20,decile,0.01768154615530312,0.28068584353225384,1.5367392777321882
all|y_cc|a100|s20|decile,all,y_cc,100.0,20,decile,0.017664500095730295,0.2804152457254741,1.53707525658387
pit|y_cc|a10|s20|quintile,pit,y_cc,10.0,20,quintile,0.017271511801121242,0.2741767499513045,1.0533902971415368
pit|y_cc|a1000|s20|decile,pit,y_cc,1000.0,20,decile,0.017102564752829494,0.27149479870419413,1.3578020836990965
pit|y_cc|a100|s20|quintile,pit,y_cc,100.0,20,quintile,0.016798806559162733,0.2666727868693515,1.033070508265252
pit|y_cc|a1000|s20|proportional,pit,y_cc,1000.0,20,proportional,0.016467619965497476,0.2614153626829703,0.9480794564572184
pit|y_cc|a1000|s20|quintile,pit,y_cc,1000.0,20,quintile,0.01616942308111954,0.2566816338961805,1.0334713638626836
pit|y_cc|a100|s20|proportional,pit,y_cc,100.0,20,proportional,0.015208145787317025,0.2414218299339327,0.8543919906919553
pit|y_cc|a10|s20|proportional,pit,y_cc,10.0,20,proportional,0.015062937615638865,0.239116721670364,0.8425056322746497
pit|y_cc|a10|s20|decile,pit,y_cc,10.0,20,decile,0.01396965808827242,0.2217614472130249,1.0691336335019357
pit|y_cc|a100|s20|decile,pit,y_cc,100.0,20,decile,0.013075906947716107,0.2075735877016709,1.0045846513957049
