d,ridge,shuffle
2020-01-02,0.002402428981483998,-0.0011714007693542675
2020-01-03,-0.0019282452735573177,-0.0006382982503398567
2020-01-06,0.001776734644723788,7.156417651992928e-05
2020-01-07,-0.00028075688130476404,0.00045102232492974097
2020-01-08,-0.0014933312640058533,-0.0005138465190771495
2020-01-09,-0.00028230802952337305,5.278635720361864e-05
2020-01-10,0.0016396625502459019,-0.0011429405210758472
2020-01-13,0.002170165150814922,0.0004756891479199767
2020-01-14,-0.0018456000878305772,-0.0004265752035479436
2020-01-15,0.0018370466296498637,0.00043873005927872225
2020-01-16,-0.0021716187288392487,0.00024821557153011976
2020-01-17,-0.0029356419676844435,0.00046935743972844154
2020-01-21,-0.00229912721780891,-0.0008197849538473691
2020-01-22,8.317741806979388e-05,6.468823558653872e-05
2020-01-23,-0.0052987034938178764,0.0007276983390975178
2020-01-24,-0.0063587527120964014,-0.00017323583624633064
2020-01-27,0.0023748861318460476,-0.0010694580980880317
2020-01-28,-0.0020116294195312652,0.0014834650657569847
2020-01-29,-0.0010474626747578478,-0.0008098548891681993
2020-01-30,-0.003684138492464321,0.00013798290429546529
2020-01-31,-0.0012540674214899915,-0.0003905248220516012
2020-02-03,0.005141176113322709,-0.00010372971440226206
2020-02-04,0.010024154412930843,0.0010773493201144283
2020-02-05,-0.001431584329795702,-0.00042339868185558405
2020-02-06,-0.00484012183897309,-0.0006371745120868942
2020-02-07,-0.0024624137638133915,0.00011233167894774028
2020-02-10,0.004548797328584592,0.0003159846645610692
2020-02-11,0.0016654672730455362,0.0012596488332010261
2020-02-12,-0.0018230941729687222,-0.0004902566877942361
2020-02-13,-0.003990943511858339,-0.001214341949993259
2020-02-14,-0.0016370810342735455,0.00042786226783337987
2020-02-18,0.004057328198361349,-0.0007161239522913106
2020-02-19,0.004231102715132513,0.00119229376857843
2020-02-20,-0.004239856213806987,-0.0004668854712499107
2020-02-21,-0.009819639858509204,0.0010547377941096691
2020-02-24,-0.00802044927549486,0.00027975259395060514
2020-02-25,-0.007748999892125663,-6.750436560446293e-05
2020-02-26,0.0029083319241760158,-0.0003360907551969813
2020-02-27,0.011647245182352954,-0.0027289681245722002
2020-02-28,0.0016552644682624375,-0.0004257827315641104
2020-03-02,-0.0073717651185050866,-0.00019347110815141113
2020-03-03,-0.0068898597449806405,-0.00037026973391097496
2020-03-04,-0.014647893612987233,-0.0031453461976514953
2020-03-05,-0.006947203083862547,-0.0003584475832661629
2020-03-06,-0.03961450861470867,0.00459669945000187
2020-03-09,0.017282379920238847,-0.0018972925099262868
2020-03-10,-0.010885860266825085,0.0002827934137988314
2020-03-11,-0.020544255699701166,-0.0005995635435881119
2020-03-12,0.016173133004742553,0.0013406560602151531
2020-03-13,-0.025630693949158238,0.0018015882759720666
2020-03-16,-0.028152040812358337,0.0011955861898239315
2020-03-17,-0.038400937341942006,0.005331386356510067
2020-03-18,0.055962109812550447,0.004290635911497783
2020-03-19,0.014827453662029404,-0.0013622857847995027
2020-03-20,-0.004063818485111198,-0.0004809688012031538
2020-03-23,0.0339773489033558,-0.002988484023656208
2020-03-24,0.0277897525278697,-0.0015179660882923226
2020-03-25,0.006770958477504766,-0.003064343268076781
2020-03-26,-0.014030155839996382,-0.0007976031020933792
2020-03-27,-0.01391879481860232,0.0017120199525228683
2020-03-30,0.002997578609094426,-0.002041651116936737
2020-03-31,-0.01788340657545465,0.0014044477266145481
2020-04-01,-0.011168768375928397,-0.0009503675174213934
2020-04-02,-0.0039818530936124915,0.0001074520198496794
2020-04-03,0.025752444490595557,-0.0005108717188431371
2020-04-06,0.012228773997117491,0.00023682165608978308
2020-04-07,0.013485735995024464,0.00035251897196480667
2020-04-08,0.008641114938630694,0.0035935810944958055
2020-04-09,-0.0013327234555555734,0.0010123530258108586
2020-04-13,-0.0054829142547183326,0.002148976804408079
2020-04-14,-0.018180759162750713,0.0013201852793026407
2020-04-15,-0.02159274539999906,-0.0009250469664030932
2020-04-16,0.02494566784149871,0.002194736291152243
2020-04-17,-0.006117024407939799,-0.00043609865192719647
2020-04-20,0.00127926722647362,0.0006066101670896617
2020-04-21,0.0018572548042575783,-0.00046420305805015485
2020-04-22,0.009664657983555033,-0.0001536989710127832
2020-04-23,-0.001473068892220531,0.0001367021792990562
2020-04-24,0.009164658123117064,-0.000545741102017147
2020-04-27,0.018616954710970968,-0.002577543391051179
2020-04-28,0.01813803105531025,-0.0016602898280915395
2020-04-29,-0.004916090845618589,-2.0806246295969944e-05
2020-04-30,-0.010683388869439016,-0.0001644693875347127
2020-05-01,-0.004375064727259122,0.0001761202670802765
2020-05-04,-0.007159304577429206,0.00272920215926911
2020-05-05,-0.010447650106263055,0.0003961677323345356
2020-05-06,0.007048840744138464,0.0015374151393369936
2020-05-07,0.009735047057860218,0.0011513617995843317
2020-05-08,-0.005073296703390051,-0.0004179155369599
2020-05-11,-0.006389866761323255,-0.0010680519311596479
2020-05-12,-0.013448571179307226,0.00042239822418919313
2020-05-13,0.009445995655013001,0.0006396871927054678
2020-05-14,-0.0030118830000835863,0.0019106411081815436
2020-05-15,0.01841093103764764,-0.0038618937801647366
2020-05-18,-0.002596127356583879,0.0005618042382695308
2020-05-19,0.004714949341424565,-0.0009515084698211719
2020-05-20,0.0072185334125408444,0.000980335533809969
2020-05-21,-0.0025745492033549585,0.0012082087440882779
2020-05-22,0.021822992072745805,0.0011705407458520538
2020-05-26,0.008005159238280607,-0.0007426042676274183
2020-05-27,0.004924798782194724,0.0011407387413731329
2020-05-28,-0.009540994577391526,-0.00020615486848283527
2020-05-29,0.011089758985941963,7.525220857713056e-05
2020-06-01,0.0026898197031539135,-0.0001691536039062557
2020-06-02,-0.0015247186807031755,0.0002962272733188098
2020-06-03,0.003322051429838243,-0.0006697725891242083
2020-06-04,0.004603898478887257,0.0010838266528865924
2020-06-05,0.009686680344000956,-0.0008478278925369576
2020-06-08,0.0013377909698899593,0.0010718032213680889
2020-06-09,-0.017775167195479828,0.0009329001542739126
2020-06-10,-0.016345847688708743,0.0004904802299942113
2020-06-11,0.01684745834359606,0.001907963241917477
2020-06-12,0.0011342201572793783,-0.00031251209785638844
2020-06-15,-0.0006104099456143395,0.0006110276990672726
2020-06-16,-0.002400630322852733,6.187033190533639e-05
2020-06-17,0.000547025138057847,0.000291282346228307
2020-06-18,-0.0032621525718326623,-0.0009315454303836963
2020-06-19,-0.00020595970187531467,-0.00028102373769117077
2020-06-22,0.0007930780051217866,0.00027859621740855696
2020-06-23,-0.0012493883242903144,-6.43684466594558e-05
2020-06-24,0.0009198951907083789,0.0009611773601012883
2020-06-25,-0.0007538359156358293,-0.0006937686585212362
2020-06-26,0.009740933175119464,0.0011035447294772916
2020-06-29,0.0006428202246570737,0.0005374864762764677
2020-06-30,0.000963087725562221,0.00017330897544372073
2020-07-01,0.0002998671508361804,-0.0002194253677175769
2020-07-02,0.0003764913730880798,-0.0008606312783887803
2020-07-06,-0.004474543139783429,0.0015446341470258572
2020-07-07,-0.0027711548634567896,1.7713931144015067e-05
2020-07-08,-0.012362335286189498,-0.000834121728351607
2020-07-09,0.014505868342034522,-0.0008194232210568904
2020-07-10,0.0016522157544152929,0.0003140948978549463
2020-07-13,-0.0020147642257026034,0.0010407915932703655
2020-07-14,0.01201381527275928,-0.0021570846300303466
2020-07-15,-0.0027037496146998354,4.873311434343868e-05
2020-07-16,-0.005635650400298068,0.0011275034428254202
2020-07-17,-0.007932715451770524,0.0019585097254359255
2020-07-20,0.012456013860942807,-0.0003841832349865319
2020-07-21,-0.0003761180937257278,-0.0004153970278240086
2020-07-22,-0.0003949696395552394,0.0007752407581541787
2020-07-23,-0.0016412651167583019,0.0005010924816721717
2020-07-24,-0.004615777885735489,0.0007730013265427132
2020-07-27,0.0073876193332453165,0.00019048207725178517
2020-07-28,0.0033410561037163352,0.0008012342951614898
2020-07-29,-0.0020673293116066456,-2.7952505165127617e-05
2020-07-30,-0.004778336043792774,-0.0003543269448069314
2020-07-31,-0.0005813854835619284,4.422050263542066e-05
2020-08-03,0.004197092094945676,-0.0009527819227115376
2020-08-04,0.0014023042212473063,0.001960718819561934
2020-08-05,0.0010355331269854737,0.0011706386554415592
2020-08-06,0.0015907776466078196,-0.0006560525543527727
2020-08-07,0.0069732886704004455,2.5777893321536126e-05
2020-08-10,-0.00028781438521366447,-0.0004169715902151752
2020-08-11,0.0007862526278247017,-0.0005639561601370785
2020-08-12,-0.0035508018123764696,0.0004040437442183715
2020-08-13,0.004654651457817357,0.00032281297708705884
2020-08-14,-0.0018052276005930143,0.0002551353010881669
2020-08-17,-0.002191834397729449,0.0019128217840431233
2020-08-18,0.0002916549535152948,-0.000377565676827131
2020-08-19,-0.0013503501007343184,0.0009482067868603918
2020-08-20,-0.003813653541296853,-0.0008695115294728228
2020-08-21,0.0060598069789808895,-7.468749404360831e-05
2020-08-24,0.001734391838990058,-3.848510562448735e-05
2020-08-25,-0.003767671995224787,-0.0011208877339013035
2020-08-26,0.006615020340898721,-0.00039272948839090224
2020-08-27,0.0022955746816389192,0.0003099170343416928
2020-08-28,0.0022879351575857874,0.00029998308455941896
2020-08-31,-0.004098175334398293,0.0010570529912863622
2020-09-01,0.002155345534752792,0.0012639462559409097
2020-09-02,0.00725532967901885,0.0023048743552032264
2020-09-03,-0.00381540435571,0.0010993421314037391
2020-09-04,-0.0059629652935377486,-0.0006424590704482586
2020-09-08,-0.0014102845149790335,0.00019989595505244076
2020-09-09,-0.0031462549863604332,-0.00044197119719751156
2020-09-10,-0.0009802573698330323,-0.0008272746766272508
2020-09-11,0.0027856827005634625,0.00017167925593008587
2020-09-14,-0.0003325203228436142,0.0008205069452775324
2020-09-15,0.0076851438771171204,-0.00037520313516823317
2020-09-16,0.0006756847377585033,0.0013777151299286458
2020-09-17,5.759436980395588e-05,0.0005479666205717963
2020-09-18,0.0020200472605995026,-0.0006800300058275459
2020-09-21,-0.0022368532369892616,0.000975405512624528
2020-09-22,-0.0029663132913942394,-0.00018506900899645067
2020-09-23,0.0025650555125680554,-0.00011443317718383665
2020-09-24,0.0021563665890479504,0.0008720596089923919
2020-09-25,0.0040280175671422135,0.0002805726361560573
2020-09-28,-0.0017633196147459253,0.0004919505180425621
2020-09-29,0.0008431689295283292,-0.001292564320604453
2020-09-30,-0.001332529696547842,0.00044771765408639554
2020-10-01,0.00728441583357548,0.0003135673454485488
2020-10-02,0.0033833646994178013,-0.0006005311056280113
2020-10-05,-0.0007609780913656054,-0.0003461886348901988
2020-10-06,0.0006101839458515962,-0.0001946271425006585
2020-10-07,0.006578891032423602,0.0009556643993193771
2020-10-08,-0.002506589894976157,0.0004353652190481192
2020-10-09,-0.0015076552231094178,0.0002305835368587
2020-10-12,-0.004542253730327857,-0.0006675568804589512
2020-10-13,0.001503163802757887,0.0007872530245012565
2020-10-14,2.8413369576608873e-05,9.848011871027073e-05
2020-10-15,-0.0033132329801568794,0.0006778131067744781
2020-10-16,-0.001096864144865022,-0.0005273280682652217
2020-10-19,0.0033788228965252105,-0.001092374329835898
2020-10-20,-0.0014941941506879603,0.001268399217913362
2020-10-21,0.005958680626901391,0.0003822777466421165
2020-10-22,0.0019251374395514833,-0.0010556236423322947
2020-10-23,-0.0029832322769552467,0.0005703960582484632
2020-10-26,-0.0067939203861066885,0.0003601230561737504
2020-10-27,-0.002847303395559233,-0.0007463679651338541
2020-10-28,0.004006743997978271,0.001076252394017309
2020-10-29,0.0016117022285254035,-0.0025215917757868867
2020-10-30,-0.0038006214149677925,-0.00040459327800280336
2020-11-02,-7.586408003515812e-05,0.0003348109083337875
2020-11-03,0.010554347278995955,-0.001531877171462662
2020-11-04,0.0015049357990887873,0.0011812120188728736
2020-11-05,-0.006802472239544129,0.0027035328631999003
2020-11-06,0.041132905319091424,0.005614376728748103
2020-11-09,0.0030144492639753136,0.0017849474744559167
2020-11-10,0.010574471174155364,0.00024106751363447306
2020-11-11,-0.0048049964103724025,0.00045860886439985215
2020-11-12,0.009600593085204032,-0.0006256687005544243
2020-11-13,-0.00029814153119907483,6.149028948899278e-05
2020-11-16,0.003443189672306703,-0.000246330649203258
2020-11-17,0.0003709436783596034,-0.00016873078652359982
2020-11-18,3.905875093771759e-05,-0.00010542762090019282
2020-11-19,0.0005656417156266553,-0.00027675733502936
2020-11-20,0.0025537698683650743,-0.0006203802781428086
2020-11-23,-0.004226788320439924,-0.0014565647345598897
2020-11-24,0.006488702932229924,0.00046958026283916475
2020-11-25,-0.001032457341091285,0.0004643291662968586
2020-11-27,-0.008496515454205059,-0.00016329577158845357
2020-11-30,0.0013537548086864897,-0.0009787487677806732
2020-12-01,-0.0015207797293055095,-0.0004101332937130662
2020-12-02,0.000440593342094146,0.0016048974924136334
2020-12-03,-0.004765631588765633,-0.00023886280548082996
2020-12-04,0.0024634091568504755,0.0002824362711187629
2020-12-07,-0.0011528469568589802,9.069161874224157e-05
2020-12-08,0.002881557669536178,-0.002026688758255178
2020-12-09,0.0024162931271527978,-0.0010221994938048352
2020-12-10,0.002067124082870683,0.000249819950747019
2020-12-11,-0.0015694916388178585,-0.0006754948100033702
2020-12-14,0.0037763327499374306,-0.0010433131233626258
2020-12-15,-0.00021783825831357104,-0.00010332551648481907
2020-12-16,0.0017358777176654224,-7.950689685065794e-05
2020-12-17,-0.0035770341613790184,-0.0012785169863741487
2020-12-18,0.00023777175356129606,-0.0007655056940178419
2020-12-21,-0.0005286135163352408,0.0014003357054568452
2020-12-22,0.006289558607696014,0.00021072958140144017
2020-12-23,0.0014008332289182613,6.49289438134613e-05
2020-12-24,-0.001807232942238662,-2.4249573661117264e-05
2020-12-28,-0.0004049573982337758,0.0002693332671098551
2020-12-29,0.003324762580009386,8.507930214067853e-05
2020-12-30,-0.00022573726446281796,-0.0007153716427875112
2020-12-31,0.0035290746430549306,-0.00012046922585557459
2021-01-04,-0.000595510329706788,-0.000600760965934845
2021-01-05,-0.005321486857994334,0.0028862008059217046
2021-01-06,-0.0034068111392876145,0.0010764786316412455
2021-01-07,0.0009370880972756405,0.0014552853374313098
2021-01-08,-0.0010303506382953573,-0.0010907364409749177
2021-01-11,0.00244681910219451,0.0018597415692290023
2021-01-12,0.0038884318782276724,0.0011286687337900155
2021-01-13,0.0006442120206246728,0.0025747810363170097
2021-01-14,0.004849153403025523,-0.0006156730652047165
2021-01-15,0.002384838404822982,0.0007971843654094306
2021-01-19,0.002623567068067259,-0.0011141201068884336
2021-01-20,-0.0003909744147802538,-0.0010028618703457456
2021-01-21,-0.00027686332470309245,-0.00044830606996739943
2021-01-22,-0.0031582038146247358,0.0007135376956648401
2021-01-25,-0.005219488289803663,0.001106078486022956
2021-01-26,-0.007812117695801105,0.0032041150410599363
2021-01-27,0.019411438118280642,0.0020447152962524235
2021-01-28,-0.0027228669366490908,-0.0003238952155485095
2021-01-29,0.005781314241394659,0.00017922417588547713
2021-02-01,-0.000453466425465701,-0.00022496629386858919
2021-02-02,0.007892823756122129,0.0004329650934256266
2021-02-03,-0.0012733973036155456,6.752556203081758e-05
2021-02-04,-0.0004566342597233381,-0.0008955256600822052
2021-02-05,-0.0036112457592773033,-0.001130107325183846
2021-02-08,0.00016205494247325394,-0.000129451993708895
2021-02-09,0.0017496019531792189,-0.0009080401331180636
2021-02-10,-0.0015539384603022114,0.00028841611471528854
2021-02-11,0.0005054224619135203,0.002022106348135844
2021-02-12,0.0012216321876141094,0.00011495894165936193
2021-02-16,0.0035436983877176853,-0.0016982990457101437
2021-02-17,0.00125823360490279,0.0009606568483321762
2021-02-18,0.0021049011001474,-0.0004399522847203781
2021-02-19,-0.007786463957638981,-0.00231605810735068
2021-02-22,-0.00164482019669405,-0.000571556126183085
2021-02-23,-0.005857077556961219,0.0021280922318514333
2021-02-24,-0.0018027151338996855,-0.0004136461175081995
2021-02-25,0.011030028436802482,-0.0002806932068929164
2021-02-26,0.0019114801188265945,4.232604177631676e-06
2021-03-01,-0.0020203607357099944,-0.001461364995320246
2021-03-02,-0.0024833141361886406,-0.0010983646810421464
2021-03-03,0.0009497046756899906,-0.0004925232005796521
2021-03-04,-0.003824548975103986,0.0009340538678890017
2021-03-05,-0.0190435046274192,0.0011868102250662683
2021-03-08,0.024093863363724186,-0.0005449216147757685
2021-03-09,-0.004278321557107683,-0.0011007344707573542
2021-03-10,0.016006222061005812,-0.0014391716842947796
2021-03-11,-0.0024667148413902106,0.0011938740592164394
2021-03-12,0.005789486019689591,0.000648382654788319
2021-03-15,0.0010009360363982098,-0.0006982619616380203
2021-03-16,0.003793065827894976,0.0011490384723095773
2021-03-17,-0.010309752158402798,-5.34452241777935e-05
2021-03-18,0.005107235231359567,-0.001677646145182413
2021-03-19,0.0056307106749153586,0.0004443096621916514
2021-03-22,-0.0035248115111549284,-0.000472060198205167
2021-03-23,0.00040563158135786836,0.001716430962833295
2021-03-24,0.005102840154895927,0.0003504228327948319
2021-03-25,0.0027612320673381955,0.00025807371793619286
2021-03-26,-0.005054714521083385,0.0007962061768086519
2021-03-29,0.002470635025263925,0.0014652198117997893
2021-03-30,0.007963463669936813,0.0001630537201746475
2021-03-31,0.006834344108844228,0.0013656603440206376
2021-04-01,-0.003219581032452749,-0.0016520451068615571
2021-04-05,0.00392660388939037,-0.0007197838597130388
2021-04-06,2.1705752373087466e-05,-0.0008311424358419125
2021-04-07,0.0009538621890886496,-3.212007889138015e-07
2021-04-08,-0.0010363827332699862,-0.00010299669835494653
2021-04-09,-0.0012138043172662805,-0.0010849033312897922
2021-04-12,0.0007570250269480238,-0.00011736913442006745
2021-04-13,0.003954930988364485,0.0009203139755457414
2021-04-14,-0.002519203123711951,1.0193660619302679e-05
2021-04-15,-0.001725477887153837,0.0007641722081720825
2021-04-16,-0.003461188322589259,0.0008832944051188679
2021-04-19,-0.011133922216657339,-0.0005279166008905889
2021-04-20,0.007325062413694393,-0.0001030725583660284
2021-04-21,-0.0023920432514530927,-0.0002333315592976279
2021-04-22,0.006220992380810238,0.001056289240899581
2021-04-23,0.005965048517089352,-0.0004972831307690549
2021-04-26,-0.0008176868235971346,-0.0007524684547930302
2021-04-27,0.0015729311152321169,-0.0006657088460864207
2021-04-28,0.001211264621235952,0.0012015288458471168
2021-04-29,-0.0017994621516706573,0.0008126591355351097
2021-04-30,-0.003821580364615345,-1.9361954655731243e-05
2021-05-03,-0.008062546611932123,0.0008078632150665769
2021-05-04,0.0029332217114566256,-0.00032542526093704894
2021-05-05,-0.006112602939083164,0.0003521302438264315
2021-05-06,0.005683627314189446,-0.0017925574828458932
2021-05-07,-0.007851147721447042,0.0010366239246341667
2021-05-10,0.005897284554322092,0.0003937345806373704
2021-05-11,-0.0015596670363841312,0.0006372424690306478
2021-05-12,-0.00436691288041716,0.001234925608989815
2021-05-13,0.01196184386539407,9.529257590623817e-05
2021-05-14,-0.0015437533244440282,0.0018165201982993484
2021-05-17,0.004684774956827524,-0.0009698350939214824
2021-05-18,0.0013254085035571217,0.0009027785373127898
2021-05-19,0.002183546295086445,0.0003217603761462415
2021-05-20,0.0006580022270141758,0.0004781393171715038
2021-05-21,0.0018478646547911474,0.0006264145002127527
2021-05-24,-0.0011850541484954668,0.00047044585434901406
2021-05-25,0.004067974692867921,0.00029767963811020386
2021-05-26,0.0014712853770726844,-0.0002601675355014244
2021-05-27,-0.00037982246931482483,-0.00021779093462041878
2021-05-28,-0.001580722124564422,-0.0008252954710620307
2021-06-01,0.00015897378792050607,8.526755683718901e-06
2021-06-02,-0.004354091080603544,-0.000167832084885458
2021-06-03,0.003246488145642372,0.0002889400128761548
2021-06-04,-0.00011941566484126617,-0.0011738790077608064
2021-06-07,0.0017234954336699515,0.0008763695841676433
2021-06-08,-0.0018472523762515206,1.7632306643018313e-05
2021-06-09,-0.004234904340344974,-0.0005905417895230861
2021-06-10,0.0022596432484547576,0.000149334966760785
2021-06-11,-0.00408877598382114,-0.00014873462091933545
2021-06-14,0.0024583605429726444,0.0005225971692398365
2021-06-15,-6.759273699366308e-05,0.00030697548673562166
2021-06-16,-0.0075248419747579445,-0.0013216941840269868
2021-06-17,-0.00029919364182887337,-0.001342180353977628
2021-06-18,0.00485947715200975,-8.039321837767211e-05
2021-06-21,-0.002059225895397268,-0.0009677009896863275
2021-06-22,0.0015294482938055308,-0.000397473385437221
2021-06-23,0.0007676037537854648,0.0007262006115713722
2021-06-24,0.0008281484833850277,-0.0006240170669913077
2021-06-25,-0.0007687847051373563,-0.0006985030877535498
2021-06-28,-0.0017198576678106744,0.000652139208239405
2021-06-29,0.005047686601390477,0.0006225461839806038
2021-06-30,0.0026194110742608022,-0.0008436291317413912
2021-07-01,-0.004212450193095841,-0.0003037181462011699
2021-07-02,-0.004864922873564894,-0.00035281314986253205
2021-07-06,-0.004186079420971421,-0.00020556840998861762
2021-07-07,-0.003039324283637815,0.00023168701079951081
2021-07-08,0.01018907659572079,-0.0002335011943169293
2021-07-09,0.0016533094347287842,0.0008891214839094271
2021-07-12,-0.004280555680752433,-0.00022228100453543258
2021-07-13,-0.003259343814882391,-3.080999056262856e-05
2021-07-14,-0.0036926191132745675,-0.0011188706242007318
2021-07-15,-0.010017455646942947,0.0005158733977629422
2021-07-16,-0.006267265620347135,0.0006458058027242425
2021-07-19,0.009191823811180883,-0.00021903112420588008
2021-07-20,0.013252914576870261,-0.0002128772765520028
2021-07-21,-0.007407584989730904,-0.00012043498138257188
2021-07-22,-0.004497844748314379,3.3280094037120884e-06
2021-07-23,0.006844125224210553,0.0005086654645403716
2021-07-26,-0.0029645258335686112,0.00018793794323126078
2021-07-27,0.00431599720605955,0.00020913142695357513
2021-07-28,-0.000929447954095583,0.0003210661385194791
2021-07-29,-0.0019337986244026247,0.00030195865793211445
2021-07-30,-0.0011991827480194125,-0.00016940491572444729
2021-08-02,-0.0021056098797492995,0.0009048410982653212
2021-08-03,-0.0061286352636577175,-3.716953468054877e-05
2021-08-04,0.008702830738790622,-0.0006899753044903019
2021-08-05,0.00374222096510149,-0.001122311344064749
2021-08-06,-0.0008539961149293479,-0.0007426184505030167
2021-08-09,0.0014523019128628823,-6.78433003742685e-05
2021-08-10,-0.0023941295367578904,0.0007074304391883194
2021-08-11,-0.0023172855890334007,-0.00023871399423545518
2021-08-12,-0.0017351043378761358,0.0005604488264003971
2021-08-13,-0.004864489196128085,-0.0002465886955966375
2021-08-16,-0.004942414905050612,-0.00024608076845027935
2021-08-17,0.0020013715481856822,6.269727206765443e-05
2021-08-18,-0.010589504393662642,-0.00017000763470599554
2021-08-19,0.0007859562829423905,-0.00015420439183256096
2021-08-20,0.009439829617673888,0.0007475712412476469
2021-08-23,0.007682732771505664,-0.0005256073959246878
2021-08-24,-0.0004459152978486382,-0.00012046384521550597
2021-08-25,0.00027980503690824403,-0.0002359514092556236
2021-08-26,0.0006513822244563752,-0.00045188111108475994
2021-08-27,-0.0013273936836519318,-0.0005587629968073484
2021-08-30,0.0018427696541402335,0.0005574526569358954
2021-08-31,-0.002431574271638393,-0.00033917532942417174
2021-09-01,0.0014174207085606663,-0.000910764197263172
2021-09-02,-0.002195029999041062,0.0006138408051380933
2021-09-03,0.0007477663845206747,-0.000603845448432365
2021-09-07,-0.002934725671310134,-0.0015731611365622962
2021-09-08,0.0031090786040966645,0.00011707129780314879
2021-09-09,-0.0006836533585066917,-0.00010454509860196806
2021-09-10,0.006088536965112172,0.00021162163648842699
2021-09-13,-0.001834975963962358,-9.37108694768776e-05
2021-09-14,0.0013636010601821018,-0.0007793931569041138
2021-09-15,0.001908663966989514,-0.0006397838309682421
2021-09-16,0.0027976604657636954,0.0010781001246481542
2021-09-17,0.0015343996818685992,0.00015928447293182192
2021-09-20,-0.0021784638888031854,-0.0005710168151860351
2021-09-21,0.0034722850062497263,-0.0006801714385858018
2021-09-22,0.006523421363251795,0.00045213300582065875
2021-09-23,-0.0010307875806283078,-0.0011476188753392826
2021-09-24,-0.0017264444751957223,0.001027055899056372
2021-09-27,-9.812801537645925e-05,-0.0004325606586548302
2021-09-28,-0.0007162167235287926,-0.00028751527363277444
2021-09-29,0.004623031219345056,0.0002762511535579363
2021-09-30,-0.00032610046792796256,-0.000157819525769205
2021-10-01,-0.006436522270301388,-0.00015360259567899061
2021-10-04,0.0020372325229257118,0.0006357334847414792
2021-10-05,-0.00027789210754468346,-0.0002211315453678008
2021-10-06,0.0037124980807729203,0.0005065371685307496
2021-10-07,-0.004167711434592064,0.000584737436158776
2021-10-08,-0.0012101784710143962,0.00048254948963406526
2021-10-11,-0.0005352577123552047,-0.0006701175004100911
2021-10-12,0.0015324178997158312,-0.0004736870447568877
2021-10-13,0.0027930007232094198,-0.0004938376067302284
2021-10-14,0.0009671756036662989,-0.0005072391708851169
2021-10-15,-0.000612005959010011,-0.0009150583528083313
2021-10-18,-0.0003577279423622421,0.0003712693105578836
2021-10-19,0.0004983346456849053,-7.180258567423726e-05
2021-10-20,-0.0006493712915511424,0.0012871154837311152
2021-10-21,-0.0034734259716964607,-7.912685401950932e-06
2021-10-22,0.0016256940266980023,-0.0019296307951534473
2021-10-25,-0.0008688420681547027,-6.302025879199352e-05
2021-10-26,-0.0007159367170633152,-0.001102440343260874
2021-10-27,0.0001667526355799874,0.0006011782814899031
2021-10-28,-0.0009691955323421707,0.001479339972336874
2021-10-29,0.008439320455934481,-0.0014325873775421134
2021-11-01,-0.003082878335722905,-0.00017372070364130856
2021-11-02,0.003318489618383981,0.0013716922833745507
2021-11-03,-0.001784470871423558,-0.000182229579899425
2021-11-04,0.0035328576403368386,0.00011627034078312509
2021-11-05,0.004001527619566619,-0.00014690842119956566
2021-11-08,-0.0031819979736094632,-0.0006799273705256207
2021-11-09,-0.000560115496923519,-0.0002130194636360228
2021-11-10,0.0012167795227072291,-0.0008713704946248765
2021-11-11,-0.0009864578282439752,0.000332597275773375
2021-11-12,0.0005610778518009808,-0.0007964482446476597
2021-11-15,-0.0030489379213678404,0.0001382909927719496
2021-11-16,-0.0009954014828012908,-2.111242863063911e-05
2021-11-17,-0.002393694953843697,-0.0013339688976377636
2021-11-18,-0.004886411874346787,-0.000999288878676227
2021-11-19,0.0025877090378434425,0.0010522358048420282
2021-11-22,0.000593470761912904,0.0006601179947316181
2021-11-23,0.002609255511724606,-0.0001339077791356878
2021-11-24,0.0006583268959970876,0.0016336959379314453
2021-11-26,-0.0012788434627808698,-2.418727046830119e-05
2021-11-29,-0.0007890240439766416,-0.0008090276707757135
2021-11-30,-0.007334880998471249,0.0007331431728509404
2021-12-01,0.008566180406345813,-0.0005310979688887965
2021-12-02,-0.005304625598930915,0.0009689325958762136
2021-12-03,0.0024630967296971613,-0.0014810322947042445
2021-12-06,0.009828317322947255,0.002225769281759421
2021-12-07,0.003978375114849303,-0.0005391498719422851
2021-12-08,-0.006183859229785188,-0.0005661022920930174
2021-12-09,-0.004808306442196808,-0.0012886835611615622
2021-12-10,-0.0071898334080929965,0.00025329252609499056
2021-12-13,-8.703093956037769e-05,-0.00021586220920187638
2021-12-14,-0.001954557776853373,0.0005844535016772163
2021-12-15,-0.008418545579669225,-0.0009427331582044719
2021-12-16,0.009480203661767493,0.00038288907055487534
2021-12-17,-0.005975691370801797,0.0008543340622369436
2021-12-20,0.015840865946875973,0.0004071338905332403
2021-12-21,-0.0011258083153077327,0.0004578609430308318
2021-12-22,0.003576728649784061,-0.0007905842062114125
2021-12-23,-0.0016441109180829919,-0.0013064759135055024
2021-12-27,-0.001299972049282809,0.0007531013251684093
2021-12-28,-0.0031058624491034394,7.171894718187279e-05
2021-12-29,0.0026589695316366116,-0.0004065059895257717
2021-12-30,-0.003532227701335999,9.20709974595581e-05
2021-12-31,0.012817443760866855,-0.0005548295424163334
2022-01-03,0.003948926391395506,0.00039539382295612996
2022-01-04,-0.012885849242709562,-0.0009346766460581315
2022-01-05,0.0020029726678763102,0.0003953540950351325
2022-01-06,-0.008341593506535776,-0.0022876733129713524
2022-01-07,0.0020922006796375565,0.00033967420109459734
2022-01-10,0.007533550388568232,-0.00024238834746750058
2022-01-11,0.000752016478541946,-0.00041105928089610653
2022-01-12,-0.006328922633790875,0.0024336105478002384
2022-01-13,-0.003383945412283798,-0.00030640986844950887
2022-01-14,-0.0032822683436228395,-0.00033054609304942984
2022-01-18,0.0001538918317400513,0.000500131429533589
2022-01-19,-0.002509561075867265,-0.00042428653451294845
2022-01-20,-0.008689054317827483,-0.0018921505286141715
2022-01-21,0.008051485044107527,0.0002645198395860377
2022-01-24,-0.0050282654925366075,-0.002374760285560304
2022-01-25,-0.0015399731446595843,0.0012204150053736894
2022-01-26,-0.003938074728212278,0.00010053528211918462
2022-01-27,0.00772444175695828,0.0004816049466317418
2022-01-28,0.01637229960139241,0.0002452996179063791
2022-01-31,0.004117932625803687,-0.0010903944988634167
2022-02-01,-0.0011814487791320422,0.0015323397851856105
2022-02-02,-0.0016717686552119447,0.0012239260952994636
2022-02-03,0.004420577484896918,0.0010507245332126726
2022-02-04,-0.0014666446481520626,-0.0010517740186790467
2022-02-07,0.0005454966627037498,-0.001231572272315279
2022-02-08,0.00896409956591604,-0.0001429064411774879
2022-02-09,-0.0030762061543041716,-0.00041455754259883963
2022-02-10,-0.006619910656141402,-0.0010386911182790606
2022-02-11,0.000650754203859103,0.0010464762408933727
2022-02-14,0.004074340252244737,0.0011123683816023616
2022-02-15,-0.0017796020950371007,0.0005894004616933001
2022-02-16,-0.008959263249662489,0.0002235154230230906
2022-02-17,-0.0030692204993920088,-0.0007466535193935028
2022-02-18,-0.00298486407390369,0.0011672266199912833
2022-02-22,-0.007025467327154867,0.0009341047151208014
2022-02-23,0.021240578695002878,-0.000702395495429509
2022-02-24,-0.0020419766754687673,0.0013757798737111305
2022-02-25,0.0017639990761459438,0.0002468313078312907
2022-02-28,-0.010765508162212615,8.161636593179237e-05
2022-03-01,0.005822190316028327,0.0008146991770391787
2022-03-02,-0.009535994312430527,0.0003143336806111525
2022-03-03,-0.020945720124251575,-0.0010942006863708053
2022-03-04,-0.020161653742954144,0.001679827697378599
2022-03-07,0.012038774826802295,-0.0013511048066159649
2022-03-08,0.020828387841247745,-0.0005204874441287243
2022-03-09,-0.003111106266589426,-0.0003219970632840809
2022-03-10,-0.008323761256830181,0.0005298271527316965
2022-03-11,-0.006991566071382951,-0.0005023071780021481
2022-03-14,0.0077278863931357035,0.00033468367444744256
2022-03-15,0.017351502740148374,-0.0012198418893840893
2022-03-16,0.006847212921865082,-0.00024774749232824836
2022-03-17,0.0002911337151488709,-0.0005666126653210004
2022-03-18,0.008212964915335788,-9.714787959076704e-05
2022-03-21,0.006692637450421631,-0.000715090049047467
2022-03-22,-0.003399082355582447,0.0012894228609896976
2022-03-23,0.002106189692251976,0.0005692987726476722
2022-03-24,-0.00575864296741503,0.0004713908386828035
2022-03-25,0.005323395985014237,-4.341533793309498e-05
2022-03-28,0.008279848858010834,-7.09733131746348e-05
2022-03-29,-0.008152504573965021,-4.40510232620081e-05
2022-03-30,-0.006707824985068231,0.0011828858032664586
2022-03-31,-0.005062890035306144,-0.00045608036702893007
2022-04-01,0.007620174135662469,0.0007078443934538369
2022-04-04,-0.008937946790391471,-2.102353241587129e-05
2022-04-05,-0.015643793378343214,0.0010461959331477015
2022-04-06,-0.0032854319273847243,9.867044145544634e-05
2022-04-07,-0.004464915969174069,-0.0016993600655200816
2022-04-08,-0.0001553315217415069,-0.000243606304183374
2022-04-11,-0.0028025641973533078,-0.0006189724268072097
2022-04-12,0.005951301666574706,0.001431152724497339
2022-04-13,-0.00830545612844869,0.0006935025601056662
2022-04-14,-0.0014466007500243297,-0.00041067172585365646
2022-04-18,0.00788108635308295,0.0008528267087333061
2022-04-19,-0.0035766553055127347,-0.001267302271956665
2022-04-20,-0.00977711511620983,0.0009740333027139514
2022-04-21,-0.0019710208209805812,-0.0015609117987862707
2022-04-22,0.003799067844601617,0.000216628108740753
2022-04-25,-0.006826688161251776,-0.0011061124190518046
2022-04-26,-0.0018033836011730382,0.0010049755733180952
2022-04-27,0.005885496400278623,-0.00018211807372791109
2022-04-28,-0.0007720859217923482,-0.0016589896361212002
2022-04-29,0.012230455898034993,-0.000131990764739092
2022-05-02,-0.001086710804435323,0.0014069323025321981
2022-05-03,0.0015877367574642204,3.385672108616287e-05
2022-05-04,-0.008995651731077164,-0.00031133377304389757
2022-05-05,-0.012753929702234717,-0.0017788884806497565
2022-05-06,-0.015902763949390542,0.0011653206260552546
2022-05-09,0.007540275450785009,0.00017468393679817174
2022-05-10,-0.01420669495282711,0.0006127138516385032
2022-05-11,0.008544678037439656,0.0005148185425293149
2022-05-12,0.01581559159782162,-0.000872553500007664
2022-05-13,-0.010470609640254494,-0.0004982277246675727
2022-05-16,0.008510724066098563,0.0013581844150053976
2022-05-17,-0.0013047863088624667,-0.0023185748736283458
2022-05-18,0.007538902506305343,-0.00014328807014678908
2022-05-19,0.0004605186546373214,-0.0023444040504208355
2022-05-20,0.00033300477496259667,0.001130671924614175
2022-05-23,-0.01701236255282811,0.0020285681274827302
2022-05-24,0.011836539073256843,0.0015538534097601009
2022-05-25,0.008735688132906101,-0.0012681503606487246
2022-05-26,0.010632600915969879,-0.0008956017269267405
2022-05-27,0.001382535228653998,0.0008575292690659914
2022-05-31,0.0012237003610184236,-0.0007653537502780713
2022-06-01,0.006559079528484396,5.590165114618408e-06
2022-06-02,-0.0024141109186716758,-0.00024445470489068295
2022-06-03,0.0004699173893552475,0.0010925648279564385
2022-06-06,0.0006419489885034727,0.0004477320024071571
2022-06-07,0.0011481006458728083,-0.0006821655930556124
2022-06-08,-0.005703437349115212,-0.0013776819115860078
2022-06-09,-0.007660412525631123,0.0001879383999116547
2022-06-10,-0.010349672975933135,0.0003815289815810756
2022-06-13,0.002249636697098888,-0.0003937763264961085
2022-06-14,0.009525301583564209,-0.0004894232527630303
2022-06-15,-0.016471012646094445,-0.0006403299362353782
2022-06-16,0.005541582589706405,-0.0001493897718803829
2022-06-17,0.0011157647704587456,-0.0010800921254938136
2022-06-21,-0.002096004361200546,-0.00039382705162155753
2022-06-22,-0.008513989770921585,0.0004273274150440779
2022-06-23,0.008201923046626335,0.0008438753958598806
2022-06-24,0.0035636384457924148,-4.0555491216768305e-05
2022-06-27,-0.0007876637094373043,0.0005814339426139575
2022-06-28,-0.002995800310893164,0.0001085579815494801
2022-06-29,-0.006863411313418477,0.0018377354666804756
2022-06-30,-0.0013551088398992656,0.0013045877965232558
2022-07-01,0.009762442545767764,-9.744871797119314e-05
2022-07-05,-0.008335271370265917,0.00035578109001933183
2022-07-06,0.015867869151704756,-0.00022152913106044823
2022-07-07,0.0005321634760028331,0.00012517312268545326
2022-07-08,-0.0070692672164578575,-0.0003463625420299696
2022-07-11,0.005277917287411019,-0.0009327643182299591
2022-07-12,-0.001352552454991863,2.4636426736861762e-05
2022-07-13,-0.005384471326556018,-0.001495278244949628
2022-07-14,0.007778680057836099,0.0002150650245076673
2022-07-15,0.00440914488982453,0.0007651602006855239
2022-07-18,0.006425489605482676,-0.0008479158889983096
2022-07-19,-0.0014760446253772044,-0.0010585444218651715
2022-07-20,-0.0004178131991591365,-0.0005429934771134083
2022-07-21,0.001895047035204985,-0.001000567313281425
2022-07-22,0.0042243527756774795,-0.0010540776782950153
2022-07-25,-0.005615280996006215,0.0003131466969838941
2022-07-26,0.016251488125136788,0.001646549262250577
2022-07-27,0.0005615182670539721,-0.0019348420240107244
2022-07-28,0.000604282545007666,-0.0007821998935800291
2022-07-29,0.001515033217711733,-0.0002474977033720902
2022-08-01,0.002129603821164236,8.672393073564746e-06
2022-08-02,-0.0017798059255091953,0.0006403564233571809
2022-08-03,-0.0036981522715017583,-0.0006225457007961957
2022-08-04,0.004534514637120058,-0.0018729753818124053
2022-08-05,0.0023609624775156476,0.000659770459964969
2022-08-08,-0.001955110463998183,-0.0012686100628968328
2022-08-09,0.010894291978657438,-0.000512711824426725
2022-08-10,0.0007425064822415521,-0.0006561764348458094
2022-08-11,0.0018305288293564163,-4.087320941476704e-05
2022-08-12,-0.0027160777293124354,-0.00018131117772056182
2022-08-15,0.0015126722531411134,-0.0004019611467401578
2022-08-16,-0.003124257843123422,0.0002840216096104553
2022-08-17,0.0029133956683642603,-0.0007913036261824342
2022-08-18,-0.004628026575539248,0.001623014434597946
2022-08-19,-0.006337880014010507,0.0008611121275280826
2022-08-22,0.0026916756445972603,-0.0006327206091012738
2022-08-23,0.0029662507182319185,-0.001403975986342598
2022-08-24,0.006200244012063189,0.0013580682004732602
2022-08-25,-0.0011641927007866608,-1.205349274546619e-05
2022-08-26,-0.004023442031420233,0.0007371527858668597
2022-08-29,0.0018204586871670451,-0.0011885402015472124
2022-08-30,-0.002115977012826267,0.0002034963408106693
2022-08-31,-0.005255897696270081,-0.0001947499784566581
2022-09-01,0.0036191340260319635,0.0011678371113719613
2022-09-02,-0.0017936453588977132,-0.0005978445803890657
2022-09-06,-0.0020599244794277842,0.00040796772203950514
2022-09-07,0.0021069159938661777,0.0006948417484099091
2022-09-08,0.00635731182696733,0.00041148122375658753
2022-09-09,-0.0009181694386304635,-0.0012836509543551263
2022-09-12,-0.0005868336070937241,0.00036958062270060245
2022-09-13,-0.0019165660835626693,0.0024784845418840155
2022-09-14,0.0014104067021743572,0.0012495233006423296
2022-09-15,-0.0018328819131815232,-0.0002508838176182592
2022-09-16,0.00022378956288777934,-5.662496938134587e-05
2022-09-19,-0.0026412506891094313,0.0002753310826157095
2022-09-20,-0.0027292145070263313,0.0005649629555513963
2022-09-21,-0.007402491189804091,-0.0012659535799523015
2022-09-22,0.001629164979699124,9.193785736524568e-05
2022-09-23,-0.002496825451426234,-0.0005744557736420312
2022-09-26,0.004697391241067104,0.0003073083636985881
2022-09-27,0.0038933651675532943,0.0008832277447478782
2022-09-28,-0.002979148252989009,0.0007382824149470552
2022-09-29,0.0008488165552810593,-0.0004670590198727766
2022-09-30,0.0003251765692896586,-0.0013752604617291776
2022-10-03,0.005022933957535637,-0.0004538593493052771
2022-10-04,-0.003993772129574665,-0.00011009808305178378
2022-10-05,-0.005625799857665706,0.0016488024138800986
2022-10-06,-0.0014953430835594958,-0.0005432631922501297
2022-10-07,-0.001711878498817775,0.001520193640429216
2022-10-10,-0.004271569049849404,-0.00202008145681274
2022-10-11,0.0025846294501627965,0.001714763621549037
2022-10-12,-0.0010473652881467415,-0.0004837191118939613
2022-10-13,-0.005277838868610056,0.00041734569961668973
2022-10-14,0.008778237957669915,-0.000985399851058093
2022-10-17,0.0018509892681726453,0.0005598694982241379
2022-10-18,-0.0020871831849182607,-0.000545140615713883
2022-10-19,0.0008364312361609025,0.0006596647007145717
2022-10-20,0.001806216049881997,0.0015047807361510677
2022-10-21,-0.00024721685162206006,-0.00022954184861234363
2022-10-24,0.011184615283128236,0.0011634462284664483
2022-10-25,-0.0013163909300834124,-0.0005617482027397679
2022-10-26,-0.004944037744967434,0.0011188467623137737
2022-10-27,-0.0014506883130291684,9.91673988370374e-06
2022-10-28,-0.001960830326911313,0.0005070147208669134
2022-10-31,0.0016343863235262846,-5.1477766385091194e-05
2022-11-01,-0.00781829599844261,-0.0011569627874095333
2022-11-02,-0.008048880187903045,7.814829693491533e-05
2022-11-03,0.0008580107716907613,0.000647971244862142
2022-11-04,-0.0010901569361852622,0.0004305684786219693
2022-11-07,0.0004239413524207962,0.0011365838610807543
2022-11-08,-0.004157791693566658,0.0012035413120471939
2022-11-09,0.018876911819856568,0.0009352052599323441
2022-11-10,0.013918029938594636,-0.0004464151668907572
2022-11-11,-0.003173321620473668,-0.0002233688396034476
2022-11-14,0.006285735326101659,-1.1406747666976554e-07
2022-11-15,0.005107158316740718,-0.0012618891481812106
2022-11-16,-0.0035210986068559013,-0.00041032496155101025
2022-11-17,-0.0021677583579507048,-0.00014035344685557708
2022-11-18,-0.006971635297332977,-0.0006257863112362057
2022-11-21,0.004066965801141436,-0.0001710617547736544
2022-11-22,0.005038801026927129,-0.000405357692570989
2022-11-23,-0.0020564991827484243,0.0002885122458557601
2022-11-25,-0.00040177279588010385,-0.0002907420734107786
2022-11-28,0.0036217465946795117,0.001080514983690191
2022-11-29,0.006943040712909695,-0.00011918915385081073
2022-11-30,-0.00035898160822291374,0.002040001333799502
2022-12-01,-0.0032277583144724293,3.928632869914203e-05
2022-12-02,-0.005401586829313086,0.0002792871796317803
2022-12-05,-0.0040580920641245365,-0.00023737337317452986
2022-12-06,-0.0025515922631126754,0.0004690753590695222
2022-12-07,0.0020798507954882146,-0.00016553858176346657
2022-12-08,0.0014018553768016001,0.0010613150244945736
2022-12-09,0.002423485275594113,0.000738271323542394
2022-12-12,-0.00013916373907940635,0.00010923547136913312
2022-12-13,0.0007999280272447347,-0.0006265452889353441
2022-12-14,-0.002245407659076641,-0.001179345119755927
2022-12-15,0.0010080405016406118,0.0008652411510695554
2022-12-16,-0.002924299364426183,0.00018585623115539954
2022-12-19,0.0005667516073263567,-0.0005438571196759021
2022-12-20,0.0013795007070779178,-0.0006938053552476804
2022-12-21,-0.00341222595171654,-0.0015303362002656922
2022-12-22,0.00024642260997121773,-0.0002063998932620328
2022-12-23,-0.005494063791335622,-0.00036501325312263377
2022-12-27,-0.0010286403322970709,0.0010761563041615423
2022-12-28,0.009884303870811071,-0.00039277277791159587
2022-12-29,0.0014943186020541762,-0.0005138942907331573
2022-12-30,-0.001146507812400243,-0.0019975160695770663
2023-01-03,-0.0015594870398393309,0.000746298631602223
2023-01-04,-0.0036122684025683147,0.00013502270041366212
2023-01-05,0.0015878229472606241,-0.0003986832036132047
2023-01-06,0.00294974303467909,0.0016478293318362234
2023-01-09,-0.002155602471665711,-0.0014413012245093955
2023-01-10,0.004506763529499849,0.000268319543031707
2023-01-11,-0.000636040685583283,0.0006366710912102364
2023-01-12,-0.0016957449935523744,0.00026608655451653015
2023-01-13,0.0019497738505692677,0.0007995679517785306
2023-01-17,-0.0009292168687627649,0.0006187550131266918
2023-01-18,0.0003639237727719718,0.00024868895527335884
2023-01-19,0.0047950541727245135,-0.00030799857687444174
2023-01-20,-0.002089846786257265,-0.0017253421467620794
2023-01-23,0.0036701721461846913,0.0003863194319573153
2023-01-24,-3.522336780328338e-05,-0.00039498217461576195
2023-01-25,-0.00037340706190061124,-0.00026879131650705694
2023-01-26,0.002000916120064516,0.00042100483788756017
2023-01-27,-0.0007469939362496886,0.00016476407333185003
2023-01-30,0.0037193129523684734,-0.0006373806984138296
2023-01-31,-0.0034320645921196657,0.0010651229147552728
2023-02-01,-0.0024049134008008,0.0015338093463726562
2023-02-02,0.0052221804126600345,-0.0013301684099872905
2023-02-03,0.004262597519937018,-0.0005010240386798587
2023-02-06,0.0036159415576378505,-0.0011912017219479238
2023-02-07,-0.002545963287710158,-0.0001556230028123451
2023-02-08,-0.0018213062191154948,0.001098005012438038
2023-02-09,7.914715640256132e-05,0.0007861248537887153
2023-02-10,0.0024725654935904046,0.0008170204332640461
2023-02-13,0.0017273484031870802,0.0007652401866320008
2023-02-14,0.004928351633360937,0.00031586195898938824
2023-02-15,0.0020761071897240505,0.0005270704584183203
2023-02-16,0.0007021696629270791,-8.965488210573807e-05
2023-02-17,0.002965667048374984,0.0012210895193530485
2023-02-21,0.0012337236664825108,0.0004441200589086571
2023-02-22,0.0031041708570983314,0.0012518476005106318
2023-02-23,-0.003371406612776958,5.8199226758461986e-05
2023-02-24,0.00048273330084016067,1.3500242407492357e-05
2023-02-27,-0.002509648805672306,-8.157731799580501e-06
2023-02-28,-0.001745018046101119,-9.143559839416965e-05
2023-03-01,0.0015764916830229966,3.8880514993133825e-05
2023-03-02,-0.0013266448432398812,-0.0007669599116780723
2023-03-03,0.002333035723673198,5.9047039368728294e-05
2023-03-06,-0.0008779591298405495,0.0002126534083601347
2023-03-07,0.0012641062824642227,-0.0009606357815294689
2023-03-08,-0.0029738622582412004,-0.0006508025289918532
2023-03-09,-0.006795284990500355,0.0013344308108816892
2023-03-10,-0.012375177671392824,-0.0020705689798677478
2023-03-13,0.0013976492180070735,0.00022562633446152888
2023-03-14,-0.00744763638770437,0.0014325746191345566
2023-03-15,0.0030545600360740864,0.0008633427964537286
2023-03-16,-0.0048302581807435135,0.00015464121916454804
2023-03-17,0.00564323196463218,-0.0005221377089145523
2023-03-20,0.0035530631914655318,0.001047807427608824
2023-03-21,-0.0036938845836427996,-0.0005201659461155394
2023-03-22,-0.002002702295655452,0.0008289384401395783
2023-03-23,0.0027783705591638043,0.0013645647025576158
2023-03-24,0.004109899056334294,0.0007932865056971604
2023-03-27,0.0005368515539222888,0.00026753953496696354
2023-03-28,0.004773290298999155,0.0006142683584466892
2023-03-29,0.0019616323763206648,0.000882071879197613
2023-03-30,0.00032599832327057186,-0.00043526037361761756
2023-03-31,0.00576825518649226,0.00026560781332701365
2023-04-03,-0.003704516467387016,-0.0007077010906944584
2023-04-04,0.0004000935437999582,-0.00012030342388536771
2023-04-05,-0.0006519233810598097,0.0011478380796862437
2023-04-06,0.008078349498037589,0.000571241459721327
2023-04-10,0.00229685340820572,-3.8359121796470644e-05
2023-04-11,-0.001870330961801923,-0.000421369310847482
2023-04-12,0.0016065925993198219,0.00012326305985521603
2023-04-13,-0.0018893475210316711,0.00014086127001228536
2023-04-14,0.004802198199611482,0.0015935958914145307
2023-04-17,-0.0013781857099892149,-0.00038354495866474686
2023-04-18,0.0014195419861327116,-0.0006659771806712384
2023-04-19,-0.004153112531877764,-0.0007508789443711937
2023-04-20,-0.002087358730480533,-0.0004595099888057337
2023-04-21,-0.0009407786522695931,0.0008330702010224038
2023-04-24,-0.00774710605592215,0.001047277433992248
2023-04-25,0.004893325452899932,0.0011823086353812432
2023-04-26,0.003853746416907183,-0.00024311539103679183
2023-04-27,0.004752801801019102,0.00030429856699113264
2023-04-28,0.0015227366608363047,0.0003940240282152052
2023-05-01,-0.003560708599985128,-0.00011090668473193925
2023-05-02,-0.0028513926163524906,0.0007751862276687748
2023-05-03,-0.0038506028774587292,-0.0008338084717810998
2023-05-04,0.009271386072687812,-2.6066190377613783e-05
2023-05-05,-0.00045214982496201797,-0.0009545785120773746
2023-05-08,-0.0015859213646423618,-0.0009920203810629292
2023-05-09,-0.00013671838484710967,-0.0005563242858750428
2023-05-10,-0.0019283075909793312,0.0001972642129173073
2023-05-11,-0.001897225428137264,-5.5605999202496826e-05
2023-05-12,0.00844845995352211,-0.00046306912414050656
2023-05-15,-0.005762939348447429,-0.0016576252308119223
2023-05-16,0.009303732536041678,-0.0001036297587338717
2023-05-17,-0.0026531568951047046,-0.0004939402963631386
2023-05-18,0.0005871641708957755,-0.0007533502118640478
2023-05-19,0.0033913968372805948,0.0005380641585774702
2023-05-22,0.0026318867781356834,-1.2425077447615816e-05
2023-05-23,-0.0018433845325205357,0.0009693145349734925
2023-05-24,0.0059748388414959195,0.00014330205564375164
2023-05-25,0.003960324629543121,0.000355207553638359
2023-05-26,-1.9605214940868597e-05,0.000945874540325547
2023-05-30,0.0007467060181951028,0.001176266196910753
2023-05-31,-1.0640249214079311e-05,-0.0009870156333109577
2023-06-01,0.005018659642882663,0.0005198923752227147
2023-06-02,-0.005151699500953186,0.0003854877321191192
2023-06-05,0.0027220235057284184,0.001608522960950102
2023-06-06,-0.002409892596391318,-0.000932996232188917
2023-06-07,0.001487139070718021,-0.0003073216149600354
2023-06-08,-0.0027991142440615515,2.4329039068781993e-05
2023-06-09,0.00047701016556825587,0.0005875615845428992
2023-06-12,0.002922595598937336,-0.00014372128399398163
2023-06-13,-0.0014964304759405094,-0.0011611277067970114
2023-06-14,0.0005674545011684233,-0.0007196376438171549
2023-06-15,0.0019892935314088415,-0.0010384688742513775
2023-06-16,-0.003034939694381527,0.001970898923213004
2023-06-20,-0.0005390792733025501,-0.0003856801487437426
2023-06-21,-0.0011320255885831681,0.00019398975332446765
2023-06-22,-0.0015029068921794905,0.0005829632756976363
2023-06-23,0.004514729485912574,0.0006201258718517063
2023-06-26,-0.00014777211463582395,0.0005355161279726042
2023-06-27,-0.0022381683316176557,-0.0003305970465726527
2023-06-28,-0.0011912580723988544,-0.0005533057498629634
2023-06-29,0.0004760552035359018,0.00045786173155585815
2023-06-30,0.0032055328370359073,0.0011388950076642096
2023-07-03,0.0014179390568322707,-0.0002653646148084128
2023-07-05,-0.001018291099800006,0.0003429963261233132
2023-07-06,0.004462139777071138,-3.096444609735618e-05
2023-07-07,0.001919577164482486,0.0006052511326385489
2023-07-10,0.004162513944959933,-0.0023049674936687944
2023-07-11,0.0007688349759733518,-8.160500179424012e-05
2023-07-12,-0.0003925985947157354,-0.00022448153975537902
2023-07-13,-0.0016539782441297617,-0.0001372343661926381
2023-07-14,-0.0007597770319146006,0.00029295066169205476
2023-07-17,0.003447367540938266,0.0004803654710450713
2023-07-18,0.0064329042371277815,0.00030210668939364434
2023-07-19,0.0017691300532922175,-0.00023022286887836038
2023-07-20,0.0029076182035824936,0.0006234393794173857
2023-07-21,-0.000978139830049828,0.0008451728423823571
2023-07-24,0.0019201037624710531,-5.610937656139738e-05
2023-07-25,0.004125693500454103,0.0014163997851071237
2023-07-26,0.00015498159446529757,-0.0008639501201977102
2023-07-27,0.0019872600401250654,0.0006958360888576547
2023-07-28,0.0009575026025571059,-0.00012185146056718047
2023-07-31,-0.0006287993132579046,6.171251390513556e-05
2023-08-01,0.00406312561379078,-0.0013382458602522005
2023-08-02,-0.0001063364019329761,-0.0017605313603642023
2023-08-03,0.0026320394029715334,-0.00011590530458587542
2023-08-04,-0.0007434815751018169,9.433964077224701e-05
2023-08-07,-0.0015691410333165845,-0.00029086224795628
2023-08-08,-0.0007204099412128678,0.00013853833055723329
2023-08-09,0.000543332706474913,0.00028508756996329184
2023-08-10,-0.0022845383684958636,-0.0008428649297250691
2023-08-11,0.0049285522999078174,-0.00048751417956438786
2023-08-14,-0.001507219816108105,-0.0008053589416427998
2023-08-15,-0.0021544195682304057,0.0009833049708804975
2023-08-16,0.002509197719617031,-3.934661469953894e-05
2023-08-17,-0.0008007611292675994,0.0004834710515521584
2023-08-18,0.0044544643674143975,0.0006129699458447698
2023-08-21,0.0016365257606887412,0.000574816062342241
2023-08-22,0.0009345567871679134,-0.0011384183336089165
2023-08-23,0.0032058692344392667,-0.0002251302197852193
2023-08-24,-0.0002874680404345142,-0.0004422151465265922
2023-08-25,0.0007677539871542169,0.00040021397695907653
2023-08-28,0.003606793191603995,0.0001749198980407592
2023-08-29,0.0006270805416089795,-0.0006657062362664948
2023-08-30,-0.002623979035024579,-0.00014714365202335065
2023-08-31,-0.0017267213555682336,-0.00011299331682708343
2023-09-01,0.0010138643853709781,0.00015777032490125494
2023-09-05,0.0008427435260714092,0.0003493571279321528
2023-09-06,-0.0031708042652399703,-0.0005543720299155098
2023-09-07,-0.0016264788778323365,-6.392975793681069e-05
2023-09-08,-0.0004138069012578501,-0.0005155823845871343
2023-09-11,0.00019798226625886156,-0.0013321599071732834
2023-09-12,-4.200528988161149e-05,0.0012673463473183084
2023-09-13,0.001230318187679105,-0.00012179899287580905
2023-09-14,-0.0017302820531632673,0.00017019238121831757
2023-09-15,-5.668785162364262e-06,9.7409827824884e-05
2023-09-18,0.00010183292024629411,-0.00021359591182795298
2023-09-19,-0.003951601516544706,0.00038713304720263184
2023-09-20,-0.004636521688705593,-0.0011338559991435047
2023-09-21,-0.0008844526649312152,5.6002031424131496e-05
2023-09-22,0.00026641173160921313,-0.0004682110834964136
2023-09-25,0.0015428281488389997,0.0003370725500449925
2023-09-26,-0.0011354423430594818,-0.0007297187175904879
2023-09-27,0.0007020880946702468,-3.720397971465395e-08
2023-09-28,0.004977140026071461,9.005494673696167e-05
2023-09-29,-0.003035699394095641,-0.00025307735294375223
2023-10-02,0.005677053576315291,-0.0008402359730895253
2023-10-03,-0.00019473942823256785,-0.0014274700205161768
2023-10-04,-0.0024239618134044905,-0.001202926466888415
2023-10-05,0.0029843155497526128,0.0009560210406631609
2023-10-06,0.00028600754854802776,-0.0006154881342849043
2023-10-09,0.004213403871114281,-4.103851022168796e-05
2023-10-10,-0.004212687295508956,-0.0018849256334560534
2023-10-11,-0.004565211478483275,0.00019854940557262015
2023-10-12,4.017550338088993e-05,0.0011730847435756629
2023-10-13,0.0020111282245271382,-8.021923669257452e-05
2023-10-16,0.0006858949176535378,-0.00010687138003068836
2023-10-17,-0.009333375046957557,-0.0017207917515690162
2023-10-18,-0.001600091969271053,0.0004948081004818137
2023-10-19,0.000873163776974235,0.0007071992138766338
2023-10-20,0.003107674234711006,-0.0008086267314102777
2023-10-23,0.0015191220979354637,-6.212882377307022e-05
2023-10-24,-0.003449767035290037,-0.0004354562808779779
2023-10-25,0.0022974275904263657,0.0006868982892536884
2023-10-26,0.002542240107561083,-0.0014647139783684246
2023-10-27,-0.0006977360814405438,-0.0005470050875864674
2023-10-30,0.0012296804878468316,-0.0009691983896301115
2023-10-31,-0.0014267242083780365,-0.00019843492281509348
2023-11-01,0.0065152527167076525,-0.0016827923821323835
2023-11-02,0.003842522158375342,0.000554596491532129
2023-11-03,-7.279685558668768e-05,-0.0007187311944269231
2023-11-06,0.00048366803227686573,0.0005582362200909198
2023-11-07,-0.002530075237494746,0.001464000271832934
2023-11-08,-0.00409061916657447,-0.0007206414758197335
2023-11-09,-0.0011915865999633161,-0.0011417546520029024
2023-11-10,-0.0015394226470935902,0.0007820858050274825
2023-11-13,0.014367957034453475,-0.00017540529629011221
2023-11-14,0.006180140184576647,-0.000511069738855023
2023-11-15,-0.0035150958960991218,-0.00084540882657591
2023-11-16,0.0036914900231412797,0.0003359999919869984
2023-11-17,0.00015930443842960003,0.0005711479414184961
2023-11-20,-0.002702851922034409,0.0004231304258640893
2023-11-21,0.0009500606539272813,-0.000169539348216334
2023-11-22,0.000883490356617047,-3.0894547584022714e-06
2023-11-24,-0.0010390389530489355,0.00027181699934263217
2023-11-27,0.001783595701427664,-5.842430515596551e-05
2023-11-28,-0.0004014056367679336,-0.000349064487949888
2023-11-29,-0.001008902176532002,-0.0002509825406194609
2023-11-30,0.0020442416587067597,0.0006230293859224708
2023-12-01,-0.0024842961590344228,-0.00033778444735696976
2023-12-04,-0.0020998010586871,0.0003285635286768377
2023-12-05,-0.0027331780182137866,0.0007040524711766408
2023-12-06,0.0014150187202668413,0.0005115884969230283
2023-12-07,0.0019175439564832898,-0.0007574293229480515
2023-12-08,-0.0010261900115743382,0.0003952893826008352
2023-12-11,-0.004290231069608018,-0.000516531850255723
2023-12-12,0.00771135308335367,-0.000143895621400295
2023-12-13,0.00815634537385538,0.0007087767317860049
2023-12-14,-0.001730664106833131,-0.0002986288984273812
2023-12-15,0.0009344629513007101,-0.000752154158163985
2023-12-18,0.0011385039995228834,0.0006204382677129646
2023-12-19,-0.0015492220128426114,0.0003408607007381404
2023-12-20,0.0027051840346437083,-0.00017428451983456371
2023-12-21,-0.0002836940038801457,-0.0003763464135344704
2023-12-22,0.0003416461757204288,4.131656683042782e-05
2023-12-26,-0.001229220963993244,3.981678620567267e-05
2023-12-27,-0.000584183780955745,-7.927997937802059e-05
2023-12-28,9.816095151712174e-05,-0.00045004563258020826
2023-12-29,-0.0011495331087121238,0.0021028600566805134
2024-01-02,-0.0038205413017481206,0.0003605526632090132
2024-01-03,2.721433685289642e-06,0.0004558388303768339
2024-01-04,0.0011294209170538822,0.0009073973773615256
2024-01-05,0.003820642631292025,0.0011517702775746654
2024-01-08,-0.0031420495534396253,0.000127238131497912
2024-01-09,-0.0031744633763439714,0.00040563387696806584
2024-01-10,-0.003081030053816925,-0.0009578696737780856
2024-01-11,-0.002872463861545031,0.0013626696891788372
2024-01-12,-0.0034112158252827913,-0.00026685271420628085
2024-01-16,-0.0027850810388795034,-0.0008107123552698514
2024-01-17,-0.0009485773171663131,-0.0009943233732368094
2024-01-18,0.0008441102057264926,-0.00024184343463263316
2024-01-19,-0.00010506016836755013,-0.00027263860150868223
2024-01-22,0.003938010848870993,0.001307870241490743
2024-01-23,-0.0009810032964591368,-0.0012853843783604021
2024-01-24,0.0008498572778034152,0.0008333169461569262
2024-01-25,0.0004596031956121463,-0.0003270086811721418
2024-01-26,0.003270780934233771,-0.0009477351453578724
2024-01-29,-0.0016964592956451466,-0.0008893187321148293
2024-01-30,-0.0004893660805658524,-0.00067244420493468
2024-01-31,-0.004169360656465692,-0.0003303862333530859
2024-02-01,0.00034587854464581725,-0.00020474955644919022
2024-02-02,-0.002986256468403506,0.00017883103836946248
2024-02-05,0.004054915508895603,0.0009471366212563206
2024-02-06,-0.003427686170286398,-2.3723082386433474e-05
2024-02-07,-2.433193239294179e-05,-0.0007254092524033648
2024-02-08,0.0007425630894961878,-0.0006270205384049156
2024-02-09,0.007527830919304458,-0.0007912075269915557
2024-02-12,-0.002204260952038981,-9.076861729896354e-05
2024-02-13,0.0019464562053146174,-0.0003202368685318209
2024-02-14,0.0015897068152748027,-0.00020257475066841427
2024-02-15,-0.0015126017071552277,0.0001358024908964773
2024-02-16,-0.0010935812544453207,-0.00045960334555400305
2024-02-20,-0.003045512395226251,0.00043684785364664206
2024-02-21,0.006950830665722315,0.0007630586378626395
2024-02-22,-0.0031411603271028184,-0.0013411109188061477
2024-02-23,0.0011856652045816615,2.6763843166602443e-05
2024-02-26,0.003934398678630204,0.00036083843898558024
2024-02-27,-0.00112408945292141,-4.8257991572807237e-05
2024-02-28,0.00344909396374011,-0.0005652361859479131
2024-02-29,0.0022571983532675972,0.0009274608445596449
2024-03-01,-0.0015780288975130064,0.00024581169764675576
2024-03-04,0.0008329930040642277,-0.0006693267939715652
2024-03-05,-0.00028718876121547527,-0.00133865391438003
2024-03-06,0.001414434973165918,-0.0001254395904275769
2024-03-07,0.0012731682455726719,-6.64746362377231e-05
2024-03-08,-6.681849106880431e-05,0.0005091808180615624
2024-03-11,-0.001046261469371053,-0.0013625243645758551
2024-03-12,-0.00036610089590649657,-0.001110399631045137
2024-03-13,-0.0046265149604877735,-0.0002269598975040932
2024-03-14,0.0020904839993944094,0.0008615225846310216
2024-03-15,-4.4622100082369496e-05,0.0005274639491595692
2024-03-18,-0.0014516899609881499,-0.00044248359676261233
2024-03-19,0.0038134636305104676,0.00019842341132037732
2024-03-20,-0.0010341029668997468,0.00028608276079091464
2024-03-21,-0.0021714432613717774,0.0003475277529864526
2024-03-22,0.0014541468947526805,-1.607732852089239e-05
2024-03-25,-0.0004014241896404435,-0.0002115094796395494
2024-03-26,0.0058066583295067345,-0.0011476870623401084
2024-03-27,0.0011971274593855544,0.00016933547584721174
2024-03-28,0.0009571669352316452,-0.0007001569533669902
2024-04-01,-0.003115332539000248,-0.0001240790014451643
2024-04-02,0.0004073661868125998,0.0013720895650012853
2024-04-03,0.0006418103704986038,-0.0009878002921575471
2024-04-04,-0.0014242700313923282,-0.0002755996203986161
2024-04-05,0.0029807208005653953,-0.00011371041931264378
2024-04-08,0.0018966771009732877,-0.00042785153865620035
2024-04-09,-0.0023791497313889005,3.0180393989881883e-05
2024-04-10,0.003233748205979881,0.0005052055982670711
2024-04-11,-0.0017067218347763485,0.0006623082948138206
2024-04-12,-0.002708100987172943,0.000569640965445352
2024-04-15,-0.00042712846903997736,-0.0006792151918606424
2024-04-16,-0.0021692078133002555,-0.00044030740765394887
2024-04-17,-0.004375374210775189,-0.0007805302414790967
2024-04-18,-0.007463985914525494,-0.0002925281661686678
2024-04-19,0.0013296382076852372,-0.00014183741332316426
2024-04-22,0.006027872197538479,-0.0014675857376045553
2024-04-23,0.00014779692802438494,0.0001786750345238272
2024-04-24,0.0004972571519810753,0.0006265384400450975
2024-04-25,-0.0020137086660078503,-0.0011501802063839516
2024-04-26,-0.0011457287106067756,0.0005141722767999231
2024-04-29,-0.0031128083036642174,8.70912744132336e-05
2024-04-30,0.0007560776727734153,-0.002512592428501221
2024-05-01,0.004827542289354342,-8.11629677570053e-05
2024-05-02,0.002751260297696838,0.0005280918527688484
2024-05-03,0.0018883611782482914,-0.000429346139337285
2024-05-06,0.0025932469730535214,0.0012485894498674046
2024-05-07,6.825488591024e-05,-0.00032232849061150117
2024-05-08,0.0024313360291256525,-0.0001688254639202701
2024-05-09,-0.0011720917936410824,0.0006443692548849192
2024-05-10,0.0020811883515167136,0.0005411944995496308
2024-05-13,0.002551597826788881,0.0008592189297899163
2024-05-14,0.0020594970056452017,0.00013834206481133806
2024-05-15,-0.0007653528875766814,0.0009326319189524387
2024-05-16,-0.00063622041447774,-0.00010604520759692967
2024-05-17,-0.0011076292860930613,0.000122828333366279
2024-05-20,-0.0011952066819142656,0.00021464923234213747
2024-05-21,-0.0014458618702231796,-0.0001599065630231498
2024-05-22,-0.0008314466123290547,0.00036442234589814757
2024-05-23,0.0014464428467369558,-0.000807206847018632
2024-05-24,0.0030608216036728847,9.086583732937946e-05
2024-05-28,-0.0010140221248656984,-0.000808777580876127
2024-05-29,-0.0014979741792800275,-6.379420309260592e-05
2024-05-30,-0.0019785917417483026,0.00022334607543420508
2024-05-31,-0.000849331121645193,6.792262198833024e-06
2024-06-03,-0.003635191744373554,0.001007687466259236
2024-06-04,0.009132476579728861,-8.35952025469318e-05
2024-06-05,-0.0012864770653179896,-0.0004107386033744266
2024-06-06,0.00017864734350505354,-0.0002193474861414759
2024-06-07,0.0012113354909501876,-9.141857681593243e-05
2024-06-10,0.000770446021507664,-7.1196337777967e-05
2024-06-11,0.003770209369242178,-0.00033760785885013936
2024-06-12,-0.0016998993919643648,-0.000655295924928667
2024-06-13,-0.002199033929107414,0.0007589860143201553
2024-06-14,0.0005139647063613808,0.002451422998903664
2024-06-17,-0.0017987716123315479,0.002294478342781907
2024-06-18,-0.0002968212946310766,0.00010291965041082062
2024-06-20,0.001553427319337825,-0.0008558360724862711
2024-06-21,-0.0009438010367499633,-0.0002912385711101292
2024-06-24,0.0036554373063251476,0.0004834265682849303
2024-06-25,-4.5245447314082264e-05,0.00012092587296506552
2024-06-26,0.0012352041629314404,0.000970037817398353
2024-06-27,0.0022940430792871827,-0.0009224114760449262
2024-06-28,-0.00035183731089434144,0.0010686442602549123
2024-07-01,-0.0005742640200060376,0.00023059294841662811
2024-07-02,0.003114895157541745,-0.0004295911681180166
2024-07-03,-0.0018263542290358071,0.00040200649680530187
2024-07-05,0.00199425587896753,-0.00011829108716838599
2024-07-08,-0.0006199276369113865,-0.00025235039111852026
2024-07-09,0.0001704670334634158,0.00013615520531946
2024-07-10,0.0022518327482736566,0.00126951177985331
2024-07-11,0.0012314505575938225,0.0005065061507026346
2024-07-12,-0.0017074977921261157,0.0006509552302579014
2024-07-15,0.0005322834495212984,-0.0009723645997065715
2024-07-16,-0.0020320190139364257,-0.00025676481425431814
2024-07-17,0.0004204308255726346,0.00028237546015385287
2024-07-18,0.0031068062838382235,-0.00010633976271951356
2024-07-19,0.004415713367792116,-0.00021906299463791054
2024-07-22,-0.001193911355279976,-2.8947995137288473e-05
2024-07-23,0.0034386769791971404,0.0005343093998814678
2024-07-24,-0.0016027428457257749,-6.223360982199462e-05
2024-07-25,0.0008471244489436034,-0.001919366344401156
2024-07-26,0.0006419724903461629,0.0005325018270844707
2024-07-29,-0.009348287695161524,0.0018714576775553527
2024-07-30,0.011913007756501911,0.0008702539414126102
2024-07-31,-0.01018356494290829,0.00031538123752025975
2024-08-01,-0.015581056032257953,-0.0013722148843426706
2024-08-02,0.0008902362605138671,0.0002446706070654846
2024-08-05,0.0036133750863003742,-0.0015496268074976114
2024-08-06,-0.00633247147021427,2.1348228373687426e-05
2024-08-07,0.012004297128923333,-0.00019482874628155305
2024-08-08,-0.0016975489700675288,-8.948957871089042e-05
2024-08-09,0.001100198200938908,-0.0007208350974350966
2024-08-12,0.006980275115143652,-0.0014394043443375676
2024-08-13,-0.0027785561924417246,-0.00034181940260919044
2024-08-14,0.008653662623140176,0.0004346698918479991
2024-08-15,0.0006614422096740602,0.0001361196260585706
2024-08-16,0.0013573838396041958,0.0003341535553742761
2024-08-19,-0.0005905997907374795,-0.0001242094145587323
2024-08-20,0.0029721646104046012,-4.147350124514317e-05
2024-08-21,-0.004219087986847771,0.0004107770972635845
2024-08-22,0.00636801052508542,-0.00011136590711649051
2024-08-23,-0.002501118474016502,0.00022129761303393367
2024-08-26,-0.001051608439429255,-0.00034012255087320154
2024-08-27,-0.004108666476707049,-8.960176254224385e-05
2024-08-28,0.0005022833309312494,0.00039753472507377853
2024-08-29,0.0007038551957250372,-0.0006072185720746832
2024-08-30,-0.004117935806414332,-0.0026926793428617398
2024-09-03,-0.001354814677122212,-0.0002944047105038341
2024-09-04,0.002206510536165185,0.00037922971705880277
2024-09-05,-0.0049270109016958845,0.0007716881156939492
2024-09-06,0.0010358459217581241,0.0001285302119269514
2024-09-09,-0.0033665122522764444,0.00018549428985283574
2024-09-10,0.0058855747767152,0.00021069749162189687
2024-09-11,0.0008012821831658613,0.00045606349186645196
2024-09-12,0.001284963794888447,-8.774561119078832e-05
2024-09-13,0.0005795667727047798,-5.430300741293416e-05
2024-09-16,-2.0519931247569683e-05,0.0006604396340427279
2024-09-17,-0.0008024848186829019,-0.00024577934464001055
2024-09-18,0.004048711272241154,-0.0006446198614020205
2024-09-19,0.0006717858145641315,0.001163720986467649
2024-09-20,0.0005760731328832196,-8.067195110381597e-05
2024-09-23,0.0003847249981083857,0.0011353481670800126
2024-09-24,-0.00392209490737763,0.0011390027626925335
2024-09-25,0.00805946723299554,0.0013303059783371445
2024-09-26,0.004460371491115074,-0.0003704052439905529
2024-09-27,-0.001955244111419687,6.380505898126409e-06
2024-09-30,-0.0019401118090141619,0.0007212769180223346
2024-10-01,0.0025015433146265455,0.0002252023510217704
2024-10-02,-0.0010748939276666793,0.0011513330879524238
2024-10-03,0.002805882857178094,-0.0004938816901730275
2024-10-04,0.0007560213415534874,0.00021421219414220893
2024-10-07,0.00011983837880874169,-0.00021015323001847606
2024-10-08,-0.001161792234927422,-0.000629177556915234
2024-10-09,0.0021086784919716055,0.00010184179190248212
2024-10-10,0.0020184294756715555,-0.0006300825879421436
2024-10-11,0.0005025299912637257,0.0002100461864910139
2024-10-14,-0.002117098776909653,0.0018100494978712477
2024-10-15,-0.0014008385774634611,0.0008487803381839302
2024-10-16,-0.00042179215523221835,2.9726167255054255e-05
2024-10-17,-0.0004547109114071747,0.0009825128748197282
2024-10-18,-0.00017329893566359443,-0.0009474543999944656
2024-10-21,0.0030828385747506573,-0.0005918415601881462
2024-10-22,-0.0014968208314549908,0.0009357601705190886
2024-10-23,0.003454025941324939,0.0009436562631570423
2024-10-24,0.0027937698901658484,0.0007853986263262067
2024-10-25,0.00036233052484417063,-0.0003891410872350192
2024-10-28,-0.0008647439308844685,0.0017082097785264183
2024-10-29,0.001199302758025969,-0.00164116566751428
2024-10-30,-0.00046381649119896023,-0.0015639590743938045
2024-10-31,0.0005868890348079745,-0.0006409673053631983
2024-11-01,0.0006177819301319026,0.0010937508981598528
2024-11-04,0.0014887626339109361,-0.0005450145784073989
2024-11-05,-0.00734210326396429,-0.0029780345832221364
2024-11-06,0.0010567906310779195,-0.0011884958986273164
2024-11-07,-0.0071667013245916384,-0.0011978800493638293
2024-11-08,-0.003773364302578368,-0.0007597862835283577
2024-11-11,-0.002484267903316356,0.00021870446173246288
2024-11-12,-0.003121650042609528,-0.00034224513024797725
2024-11-13,0.0012670240814896504,-0.0012232341608556143
2024-11-14,-0.0027862545845319412,-0.00030312143641305473
2024-11-15,0.0016557965841082342,-0.00017107716553316677
2024-11-18,0.0009069112832613694,-0.00024936559354163087
2024-11-19,0.003497298533844805,-0.00045241806889351763
2024-11-20,0.000531717990975433,0.00010358954916091931
2024-11-21,0.0015714154808823945,0.001132961145686264
2024-11-22,0.002728152106008767,-0.00014281081537780927
2024-11-25,0.002045099986445688,0.0012780895619446428
2024-11-26,-6.754119517047757e-05,-0.0010713971294701648
2024-11-27,0.003361151698338462,0.00022123025772551508
2024-11-29,0.0047969448234330084,0.0015926305702073389
2024-12-02,-0.0019940814986138537,0.0001506995587980446
2024-12-03,-0.0019320990987679327,-0.00016663710761309673
2024-12-04,0.0005292048088694529,-0.0011798478815343194
2024-12-05,-0.0009512511643458646,-0.000536905031039878
2024-12-06,0.010896238192294084,0.0007714895017319366
2024-12-09,-0.004608826013556583,-0.0008607780963329107
2024-12-10,0.0016671209784549855,7.363072348118097e-06
2024-12-11,-0.001420556690094549,0.0004916142634751707
2024-12-12,0.0013396729281767285,0.0011405771164870583
2024-12-13,-0.0040395033760582824,-0.0009303028519742275
2024-12-16,0.001304222316200664,-0.0002961645115331779
2024-12-17,-0.0008938703151024536,0.00164961680006809
2024-12-18,-0.005069322862096224,-0.0010006137793831262
2024-12-19,0.002073574367062231,0.00033985563499658165
2024-12-20,0.0021846950057115132,0.0005378766777920981
2024-12-23,-0.00047968359321581686,-0.0001901881223486618
2024-12-24,0.00034345927968078884,-0.00032422145196140116
2024-12-26,-0.00026830362484523627,-0.0003287514538464128
2024-12-27,-0.0011267955887364926,-4.347384706603106e-06
2024-12-30,-0.002640888487962364,-0.000331482140816636
2024-12-31,0.0036195983446775577,-0.0016057861455496293
2025-01-02,0.006809774014705293,0.0007854167617510096
2025-01-03,0.009556004465498669,0.0016434101607831575
2025-01-06,-0.0003898037242548129,0.0003963981501003882
2025-01-07,-0.0017322818727279867,-3.0063203871495823e-05
2025-01-08,-0.0014431531977832331,-3.951641756825714e-05
2025-01-10,-0.001984797503719241,0.0006741185473876336
2025-01-13,0.0009692792526079353,-0.00041694336786896535
2025-01-14,0.004343470269500354,-0.00020660838238712915
2025-01-15,-0.0008408581654321128,0.001019355603132616
2025-01-16,0.0012584348975913087,-0.0008127129914932544
2025-01-17,0.001283802847164242,-2.6963244640392463e-05
2025-01-21,-0.0003111077948758084,0.0005191691221741512
2025-01-22,-0.0010874710234036655,-0.0005313943596558878
2025-01-23,0.0012522554938123231,-0.0007375983285884192
2025-01-24,-0.005275933578107196,0.0011517727936734756
2025-01-27,0.000973327839831579,-0.0016214668900869898
2025-01-28,-0.0005833633148111818,-0.001287316507866236
2025-01-29,-0.0005775653945519886,-5.379325314429891e-05
2025-01-30,0.0004672854775170168,-0.00017158269996492715
2025-01-31,-0.005180367846381667,0.0003507572558709553
2025-02-03,0.0021025366960189355,-0.002788480326320648
2025-02-04,-0.0009526987169312676,0.001067588917241496
2025-02-05,0.00026147027825041227,-0.00034192990558191164
2025-02-06,0.0007603703375261132,0.0014354015708820688
2025-02-07,0.0008203867818400319,0.0012099489913444696
2025-02-10,-0.0035053393290577993,0.00026692539325645295
2025-02-11,0.0006952759989426865,0.00020097200824342358
2025-02-12,-0.0009547964726101424,-0.0015749216996095966
2025-02-13,0.0026306054257204266,-0.00046354814572944244
2025-02-14,0.002961428821947801,-0.0016754159449878085
2025-02-18,-0.0013173875203560306,0.0004224752469733024
2025-02-19,-0.0003726178471119341,-0.0010969238466013377
2025-02-20,-0.011310208709365485,0.0010704413349878678
2025-02-21,-0.008036824037093692,-0.00022765849152267504
2025-02-24,-0.008809067539469924,0.0013943187410861767
2025-02-25,0.013388531600011739,-0.0014232481982941066
2025-02-26,-0.012040792054838463,0.000979440593366463
2025-02-27,-0.0016554052826933837,0.0007442569861488182
2025-02-28,-0.00548777074830955,-0.0007153517924232108
2025-03-03,0.005040400932647942,0.0004680629409132917
2025-03-04,0.006606256727088312,0.0004391188543560579
2025-03-05,-0.0069586420661068675,0.00034352690458582414
2025-03-06,-0.005477928521852018,0.000732846498186768
2025-03-07,-0.01601657764695711,0.0009988754443155893
2025-03-10,0.015802430579095927,0.0002602962754274751
2025-03-11,0.010766499065606868,0.0005100327755870009
2025-03-12,-0.006044806699334554,-0.001249872934472641
2025-03-13,0.0059809664504183535,0.0002919833544852497
2025-03-14,0.0011010540069026616,0.0007114081296479679
2025-03-17,-0.0035858386115151476,0.0002614327248754527
2025-03-18,0.0060841772200373465,0.000701690078561824
2025-03-19,-0.0013421214238608,0.00018540342638032425
2025-03-20,0.002632943804095753,0.0009847919390152688
2025-03-21,0.005522450938558106,0.0005357012527455303
2025-03-24,-0.000500173516489038,0.00046474555819613344
2025-03-25,-0.005265011827981918,0.0005258293179676278
2025-03-26,-0.007886254084726749,0.0007762610190428082
2025-03-27,-0.008900405958325081,-2.6105713177733915e-05
2025-03-28,-0.006366383109167265,0.00033525578754217233
2025-03-31,0.004058323826364532,-0.00041371863998612994
2025-04-01,0.008369135546417512,0.0002092505369960012
2025-04-02,-0.022751906799890115,-0.002774804211343734
2025-04-03,-0.0031518084151672464,0.0006895384619897849
2025-04-04,0.013861525279926382,0.0008839214243347576
2025-04-07,-0.0063332458295062375,0.0010317671996442276
2025-04-08,0.04805331744141086,0.005298099691375575
2025-04-09,-0.018223997848622806,0.0003617136790181486
2025-04-10,0.0009098680038537566,0.0008668933749870609
2025-04-11,0.00033019372366507513,0.0005742503759943448
2025-04-14,0.004144633944180483,-0.00029100389108288615
2025-04-15,-0.004730755923674519,0.00015859556567608218
2025-04-16,-0.001422741529203917,-0.0006819557208706024
2025-04-17,-0.0026941470633701802,-0.0010941264078168059
2025-04-21,0.005074830130033768,0.0007058811669233897
2025-04-22,0.011166658750840015,-0.0025040772069003744
2025-04-23,0.010487778034012936,-0.0004045882846151437
2025-04-24,0.00017300966189435533,-0.00045823683340194126
2025-04-25,0.0004084021657421028,0.0004520475691622986
2025-04-28,-0.0006909943398170673,-0.000141614399108845
2025-04-29,-0.00150271067662411,-3.1602862259499085e-05
2025-04-30,0.003492813302200242,-0.00014157415829296372
2025-05-01,0.006441401865923585,-0.000996602827478624
2025-05-02,-0.0034947372551770942,-0.00019784053221811676
2025-05-05,-0.002945445196650432,0.0005127910079847233
2025-05-06,0.0019777617082432043,-0.0009038853459322324
2025-05-07,0.008327467845678876,0.0002934570468945328
2025-05-08,-0.0005282355041833117,-0.0003069713141920538
2025-05-09,0.016197835169154982,0.0008832813274316325
2025-05-12,-0.006387577617839185,-0.0010281575196980795
2025-05-13,-0.0030568594158774816,0.000994374823350879
2025-05-14,0.004772973016191119,-0.00041458705174809366
2025-05-15,0.002502954406869126,0.0001042860745147984
2025-05-16,-0.0030805392759351725,0.0002804576361386775
2025-05-19,-0.001987321180964754,0.0003124424662211688
2025-05-20,-0.006563552291550517,3.646465779388021e-05
2025-05-21,0.0021420836822713075,9.295142679674704e-06
2025-05-22,-0.0022148598219257545,0.0007671939554731488
2025-05-23,0.006415862355326632,8.300272220886384e-05
2025-05-27,-0.00022503729198458571,0.00016418223808594787
2025-05-28,0.0018099690174966376,1.7624926687614373e-05
2025-05-29,-0.0025571885968018178,-0.0004130160047544341
2025-05-30,-6.953939486188364e-05,0.00015484947005520668
2025-06-02,0.007149928104958022,0.0004098545259493169
2025-06-03,0.002004670465207889,4.534327948675694e-05
2025-06-04,-0.002272456822457506,-0.00016989301813604777
2025-06-05,0.0007938657472292795,0.0006610772782354588
2025-06-06,-0.0011958106160719281,-5.152637820229894e-06
2025-06-09,4.949219457316517e-05,-0.0004118177530645138
2025-06-10,0.00082370515372465,-0.0006842567581370133
2025-06-11,0.0010983783242002553,-0.00036452788716752295
2025-06-12,-0.0025708358322203487,0.0016172856091535132
2025-06-13,0.008689361313770223,-0.0009600191506249198
2025-06-16,-0.00322359154004236,0.0011594532015082473
2025-06-17,0.001496850279976148,7.03943850807247e-05
2025-06-18,0.0007344566571226988,9.607568085962637e-05
2025-06-20,-0.003409452932726935,-0.00016856659206369298
2025-06-23,0.00404876826758956,0.0010599713923557515
2025-06-24,-0.0014109138306741822,-0.00046357178368464596
2025-06-25,0.0010359406367622843,-0.00041656834850896564
2025-06-26,0.0006212892239925318,0.0001010143842109163
2025-06-27,0.0008669903302246082,-7.993609489174347e-05
2025-06-30,0.006216967938327672,-0.0016557611492236555
2025-07-01,0.006762232638865304,0.0005260543377221384
2025-07-02,-0.0009223415854009788,-0.00022924901443078778
2025-07-03,-0.002007538193131123,-0.000301899490766289
2025-07-07,0.0058368902751867475,-0.0009848481792003477
2025-07-08,-0.00087248689692695,-0.00035105671124663633
2025-07-09,0.003541023345967251,0.000702628035573553
2025-07-10,-0.0014498952309177136,-0.00014356844157171442
2025-07-11,-0.00018348703052722403,-0.0004993181435549698
2025-07-14,-0.001613522829944233,0.0005625704595423983
2025-07-15,0.0006134458874891982,0.0012012039147332528
2025-07-16,0.0017834133942739433,0.0008862763020780509
2025-07-17,-0.0009660811170813932,0.00065809093816206
2025-07-18,-0.001260326400325628,-0.0012169667751952098
2025-07-21,0.003441978191285147,0.0021711450205310445
2025-07-22,0.006238437964989735,0.0003146789680173017
2025-07-23,0.0008923732207165662,0.00017261869471346065
2025-07-24,0.0013374491715313836,-0.00040096515882192396
2025-07-25,-0.002202783078860098,0.00033073173492544273
2025-07-28,0.001000577993179625,0.0015344922423762355
2025-07-29,-0.0009672070367578069,-0.0010240099838486885
2025-07-30,-0.0012226213901569364,-0.0004325777571617309
2025-07-31,-0.002189589584621823,-0.00029484042783477644
2025-08-01,-0.002166042536761148,-0.0005916152732389949
2025-08-04,0.0030540932775041467,-0.001998196742964683
2025-08-05,-0.0032349048299020627,0.0014533549212027701
2025-08-06,0.0034632817288599922,0.0008247713700391009
2025-08-07,-0.0029084980621916987,0.0015737823345434356
2025-08-08,-0.0003797942672620127,0.0009477098146869674
2025-08-11,0.004363669147954302,0.0007562927872561435
2025-08-12,0.0033144151830179947,-0.00038130634126975034
2025-08-13,-0.002427524339354282,-0.0002538753134989944
2025-08-14,0.0033298081857943257,-0.00042883297377498055
2025-08-15,0.0029230147422279382,0.0002510346902999739
2025-08-18,-0.00047779716698609907,-0.0005806423052410542
2025-08-19,-0.0033245038555311315,-0.0007223456009039524
2025-08-20,0.0007354769333472355,-0.0002901733793060094
2025-08-21,0.009300822558406408,-0.0002849217496385168
2025-08-22,0.0007727027076062015,0.00044601403043319096
2025-08-25,-0.001490401300195169,-0.0008856577911946892
2025-08-26,0.0006603587890349797,0.0002985346524320765
2025-08-27,-0.0018359382306599584,-0.0005730029669066895
2025-08-28,0.003122392924396587,0.0017500762853567113
2025-08-29,-0.0018887135915933654,-0.00023677734056250037
2025-09-02,0.0009152694990820282,-0.00032580509883356603
2025-09-03,0.0014948776076727519,-0.0004009185510311518
2025-09-04,0.004072031653767947,0.0010107565935874128
2025-09-05,-0.0004765287713768995,0.000817148441645136
2025-09-08,0.002854227639670769,0.0005682696825148704
2025-09-09,0.003273940027425894,-0.0006956672576732303
2025-09-10,-0.0016444063306649056,0.0006646918904719774
2025-09-11,-0.002398002746602425,0.0005517313449562593
2025-09-12,-0.0003887439129455565,2.3302143500211905e-05
2025-09-15,0.0031026177302861677,0.00039612917333104987
2025-09-16,-0.0004293512591218043,-0.0008344951662883612
2025-09-17,0.0018052447191499656,-0.0003971719600533854
2025-09-18,-0.0006443236334732038,0.0005688641307572265
2025-09-19,-0.0007594760610159956,-0.00059621745451243
2025-09-22,0.0006943114262636362,0.0006355969857825807
2025-09-23,0.0010038041434073334,-0.001234251562629244
2025-09-24,-0.00181322870137741,-0.0004960500557436654
2025-09-25,-0.00043767265676378074,-0.0008153867116407349
2025-09-26,0.0028640134836730455,-0.0005913092962956396
2025-09-29,0.0009455293620761606,-0.00010291971103358713
2025-09-30,0.0009780673587356972,-0.0015968036203997111
2025-10-01,0.0013555153568635518,3.934580995340095e-05
2025-10-02,0.0006407092638174778,0.0009705107180203478
2025-10-03,0.0012142807457572607,0.0007355514009741541
2025-10-06,0.0016253094476276673,-0.0009488696557537733
2025-10-07,0.004076060975478667,0.0010573642853069993
2025-10-08,-0.0001000979408913587,6.385227971955086e-05
2025-10-09,-0.0071960142449137765,-0.001367788638208893
2025-10-10,0.008605667295357356,-0.0005814148059678596
2025-10-13,0.0003049992360574761,0.0011278505033347126
2025-10-14,0.004853955014052822,0.000181314632206566
2025-10-15,-0.0017675129793908884,-0.0004001180840764761
2025-10-16,0.0011378461486344408,-0.0003783981129764284
2025-10-17,0.0037869450274993863,0.00038644150570220706
2025-10-20,0.002883143348367678,-0.0007256288361664764
2025-10-21,-0.0027552156287767105,0.0006414190502735624
2025-10-22,0.008470485780006051,-0.0014701556540178083
2025-10-23,0.003439623689557724,-0.001134043435435912
2025-10-24,0.0025617945589292844,-0.0010983743303440714
2025-10-27,-0.0029512260035686453,-0.0003634366682159977
2025-10-28,-0.00405627730384303,0.0002884540041892752
2025-10-29,-0.0016611700418736105,-0.0015155512723576327
2025-10-30,0.0014890391421781266,-0.0016756901082019045
2025-10-31,-0.0018019168923365404,-0.0005738954064394961
2025-11-03,-0.003529524729739504,-0.00011257817841234203
2025-11-04,0.005533009859904008,0.0007229858861745956
2025-11-05,-0.003688361208377308,0.0010387688459352086
2025-11-06,-0.000313028097218424,1.4229846178408713e-05
2025-11-07,0.004420207931786725,-0.0013378051522421118
2025-11-10,-0.0014902467840379142,-0.0008546750664301011
2025-11-11,0.002339664845936575,-0.0008214178905035548
2025-11-12,-0.002115360995199724,-0.0016505735695776557
2025-11-13,0.0014864806474964025,-0.0005896875794629406
2025-11-14,-0.0038455700184616263,0.0005817321987084608
2025-11-17,-0.0031711292333041334,0.0006234276836500035
2025-11-18,0.0036229040379931166,-0.0009885174707802854
2025-11-19,-0.0054121197331153574,0.00010007959156701634
2025-11-20,0.0010673976437222236,-0.0008783054462418678
2025-11-21,0.007108440418182694,-0.00019308228291652557
2025-11-24,0.0001876808500997527,-0.00012957706381450562
2025-11-25,0.0054594909815838975,-0.00019515397245108493
2025-11-26,-1.7128606525898295e-05,-0.0007367200747256292
2025-11-28,0.0016011121959851986,0.0007842289728876648
2025-12-01,0.0011431800149599664,7.957069975808829e-05
2025-12-02,-0.0020033268124672195,-0.00015677527069211413
2025-12-03,-8.812861555829473e-05,-0.0006560015000502276
2025-12-04,-0.0011529201351797621,-3.6132942191090534e-05
2025-12-05,-0.0002007135377309021,-0.0011590094932123144
2025-12-08,-0.0023014573775308493,4.547266352755638e-05
2025-12-09,0.0011220696289581794,0.0014362782300725186
2025-12-10,0.000247450707692734,-0.00035572561260309226
2025-12-11,-0.0021645516270976453,0.00015336589774975928
2025-12-12,-0.004018671983469357,-0.000952760989193027
2025-12-15,0.0016865088937594451,0.00042193262593406914
2025-12-16,-0.003963111548330546,0.0008308310450261542
2025-12-17,0.0029552830734254298,-0.0005650157800119362
2025-12-18,0.0014115510260831552,0.0006470748004345554
2025-12-19,-0.0012635531346088308,-0.0007256987522516428
2025-12-22,-0.0018426842922943667,0.00039571071936556307
2025-12-23,0.001350532397389121,-0.0002797670560278256
2025-12-24,-0.00015858007676957842,0.00020434727154005
2025-12-26,-0.0009446641768620146,0.0006021149837612229
2025-12-29,-0.0012451586850657451,-0.00043285700551468005
2025-12-30,-0.0016753808410097993,7.619940329000632e-06
2025-12-31,0.007606853546883721,0.0005796785532380724
2026-01-02,0.005169041038347735,-0.002120959015074929
2026-01-05,0.004318744005738984,-0.00046829487812774745
2026-01-06,-5.526663100169631e-05,-0.0006955724521166605
2026-01-07,0.000902009295596657,0.0003945816902787842
2026-01-08,0.006130363697610232,-0.00048106182722073215
2026-01-09,0.0005575423407139271,-0.0008214638877543857
2026-01-12,-0.0007238766731656432,0.00042269230721046704
2026-01-13,-0.0038187397271582024,0.0007720989407651314
2026-01-14,-0.0021929703710828834,0.000986950038945371
2026-01-15,-0.004613853616381466,0.000436610804212997
2026-01-16,-0.0030821528623513087,0.00015049499478876703
2026-01-20,0.0024675019194418837,-0.0004542494697409135
2026-01-21,0.003486001147632336,0.00022089005846060328
2026-01-22,-0.0010413260738203914,-0.00020830808285304413
2026-01-23,0.00026865338737127285,-0.0004747225973374935
2026-01-26,0.003449771182952524,0.0024662251786548746
2026-01-27,0.0001040044062441936,-0.0020586672551584644
2026-01-28,-0.004651282704962981,-0.0007501267324490904
2026-01-29,-0.001745219611225869,0.0009093947102862725
2026-01-30,-6.725752566180001e-05,0.0008567334528857419
2026-02-02,-0.013286869679177929,0.002486100643834312
2026-02-03,-0.006995977645827819,-0.0008784411250911706
2026-02-04,-0.012486084970302251,0.0008183071688252362
2026-02-05,0.006400916537907877,0.0031870476741496755
2026-02-06,0.0035958755813473445,-7.978675728313813e-05
2026-02-09,-0.003622737643212354,-0.0010944044051629596
2026-02-10,-0.007144675818566051,0.0006023541486129645
2026-02-11,-0.004537441524694327,-0.001447703115993801
2026-02-12,0.00298862040094913,0.0005314369818414379
2026-02-13,0.001876877195761686,-0.0006260780186294932
2026-02-17,0.00979308899722159,-0.0005625899035902755
2026-02-18,-0.0013619654711585268,-0.0011901253495127176
2026-02-19,-0.0016669693199928054,-4.4669695603398363e-05
2026-02-20,-0.004575604033390491,0.001594491953306934
2026-02-23,0.005230983134876271,0.00035929138561714
2026-02-24,0.007844856431846067,0.0023109113778583446
2026-02-25,0.007402395365942663,0.0008582486644636607
2026-02-26,0.0009472622106304432,0.0004412141295193158
2026-02-27,-0.0010386558166151614,-8.757098683755223e-06
2026-03-02,-0.004776710659394937,-0.00016744056407791416
2026-03-03,0.0055447737404300595,-0.0008898717685511503
2026-03-04,0.00036320332222045647,-0.0013212600245879579
2026-03-05,-0.009683368456076875,-0.0014491093176134187
2026-03-06,0.010733969185754479,1.7128232575622358e-06
2026-03-09,-0.0009817400071201181,-0.0003819148937944876
2026-03-10,0.00100500664260568,0.0006112347397492025
2026-03-11,-0.008356226509545683,0.0009215495937385935
2026-03-12,0.0024350412730603445,0.0016200325536869665
2026-03-13,0.0031041737610784954,0.00018672934588475146
2026-03-16,0.00452398655907243,0.00013421289973374837
2026-03-17,0.0017202930171354924,-0.00011166608727363341
2026-03-18,0.0007740963322463375,0.001506521385380406
2026-03-19,0.0014276448890922027,-0.0005785889048884861
2026-03-20,0.006688556252958162,-0.00037560427908509296
2026-03-23,-0.004033338029155915,-0.0015230848472343966
2026-03-24,0.001021942743725222,-0.0006635853773394438
2026-03-25,-0.004758444607989062,0.0008036827887032415
2026-03-26,-0.006921020518781506,-0.0017618084890444583
2026-03-27,0.0010245104789792462,-0.0020419521767376203
2026-03-30,0.018576088378886225,-0.00045449185301505037
2026-03-31,0.0032805632321622692,-0.0005553854634146637
2026-04-01,-0.002777130832093564,0.000652755744177452
2026-04-02,0.0028424087720965363,-0.000535769808165599
2026-04-06,-0.0011738670598305959,-0.001164895804592915
2026-04-07,0.008571693440847216,-0.0011457899682522739
2026-04-08,-0.0075979665769169945,0.0002905252245451794
2026-04-09,-0.0045142893063329186,0.0009084428600213011
2026-04-10,0.012330973513888819,0.0018549926310088834
2026-04-13,-3.754664132640473e-05,0.0012211949159398805
2026-04-14,0.009077394134179581,-0.0005808555302618276
2026-04-15,0.00028831158343767504,-0.00036790799149025096
2026-04-16,0.006604486933915891,0.0013749733589129862
2026-04-17,0.0012292173891232966,0.001064528086721742
2026-04-20,-0.00617650742080533,0.000878945325988753
2026-04-21,0.00017429768050933312,-0.0007937609475147059
2026-04-22,-0.0063009688897388795,-0.0015376414903558132
2026-04-23,0.0038721911773539814,0.0026962553238564957
2026-04-24,-0.0006099950123122978,-0.0008177881247602601
2026-04-27,-0.004755763802354805,0.0011389977813221475
2026-04-28,-0.0022057838671850935,0.0009198979620647505
2026-04-29,0.004886648318500899,-0.002301608222990858
2026-04-30,0.0032712624774248063,-0.0009113597244032372
2026-05-01,-0.002056237515596575,-0.0005315649693083737
2026-05-04,0.0019926330354398955,0.0001314557860176719
2026-05-05,-0.0020525468094286046,0.00024043906076181312
2026-05-06,0.006343849013258994,-0.00023878768034619292
2026-05-07,0.002576825393607451,0.00019185966091331253
2026-05-08,-0.004432066909666485,-0.0028460094416958423
2026-05-11,-0.0021925330800086486,-0.0018899378627278494
2026-05-12,-0.002880094388681455,0.0005772549480372963
2026-05-13,0.0025601684668068204,-0.000933603317524457
2026-05-14,-0.000738734689721616,-0.0024038048777400025
2026-05-15,-0.005831849318488516,0.0009919309073543332
2026-05-18,-0.0037980626594656154,0.0004785081472511653
2026-05-19,0.01202719471657318,-0.0010412121130126606
2026-05-20,0.0029025300476013187,-0.0007723357476122023
2026-05-21,0.0029952662301455982,-0.0007341371201335252
2026-05-22,0.0,0.0
2026-05-25,-0.0043754894701547396,-0.0008526558177061128
2026-05-26,6.05332131551412e-05,-0.00020667645227003488
2026-05-27,0.006252748523826519,-0.0008025166614731692
2026-05-28,0.005065017988016808,-0.0017254095801633917
2026-05-29,0.002398236357449399,-0.0007735501585697325
2026-06-01,0.005360731964765845,0.0011940485349342675
2026-06-02,-0.0020021453247665894,-0.0006845843450829436
2026-06-03,0.00012104955560470477,-0.002395811273009433
2026-06-04,-0.012562492525524436,-0.00035782109554491457
2026-06-05,0.0060253041113614205,0.0002829200159257766
2026-06-08,-0.004972067156950266,-0.0007131315934548661
2026-06-09,-0.0089633651804086,-0.000981138939248706
2026-06-10,0.012786550650320841,-0.00014550660318465462
2026-06-11,-0.0006993647620831018,-0.0009741979065073498
2026-06-12,0.009096926651743237,-0.0014346308710045043
2026-06-15,-6.108532960682229e-05,-4.853274375160102e-05
2026-06-16,-0.005771726389703792,0.00013062377967953216
2026-06-17,-0.0005486440167214887,-0.00020935038303518614
2026-06-18,-0.002932969034571283,0.00011595951978238986
2026-06-22,0.0007259928615346586,-0.0023344345659658174
2026-06-23,-0.0044295477237304,0.001268137019794692
2026-06-24,-0.009384309955458813,-0.0006146954318898926
2026-06-25,-0.0014021218987364935,0.0004991304895260145
2026-06-26,0.002440052405261303,-0.0010384061124470631
2026-06-29,0.0021481666073349085,0.0008756629749596477
2026-06-30,-0.0017522499628522437,0.0023553194368416967
2026-07-01,-0.009685661844909148,-0.0005696450591987052
2026-07-02,0.0,0.0
