model,days,mean_IC,IC_t,rankIC,gross_bps,gross_SR,turnover,SR@0bp,SR@1bp,SR@2bp,SR@5bp,raw_sum_pXa,year
ridge,253,0.0077071419858781385,0.500686357336209,-0.00028174026294930485,4.8893305257282815,0.8032846124467754,0.7108083227384632,0.8032846124467754,0.6864355426275132,0.5696086524994373,0.21926687860582075,0.8979630231991325,2020
shuffle,253,0.003403118104219742,1.2554143694641597,0.0022426294020628876,1.1523386339642578,1.5189327462920243,1.3315167675478214,1.5189327462920243,-0.23633068812156352,-1.9937133221564822,-7.27543819931064,0.38403107428484073,2020
ridge,252,0.012160412172400268,0.8152105399939686,0.0070920182316580585,2.7765061422650494,0.8759297574584457,0.6074194003569292,0.8759297574584457,0.684092833759778,0.49237041722584396,-0.08208153864919747,0.05355029883727604,2021
shuffle,252,-0.0011449058582588577,-0.3845098435200218,-0.0008393297755738937,0.11384478415147509,0.20742866872287638,1.3275117759911272,0.20742866872287638,-2.2118142202656936,-4.631577600552315,-11.885824796118843,0.6847403977250941,2021
ridge,251,-0.0016307404752261144,-0.09816079295817634,-0.0036856799798312407,0.0530171116077878,0.012597678947170569,0.7685468111018144,0.012597678947170569,-0.17000623370812454,-0.35257685166341524,-0.900058923999227,-0.05134455486144735,2022
shuffle,251,-0.00015459680079263,-0.05196691735827271,0.000748731309605786,-0.08706084088021596,-0.14785354852869673,1.3307513828509296,-0.14785354852869673,-2.4068761468246964,-4.663625758425464,-11.413556302534982,-2.9589028409064673,2022
ridge,250,0.024298545401573297,2.3505779018766266,0.02022627082452386,4.658766293258486,2.2618943828738294,0.7267513464536193,2.2618943828738294,1.9086032512607487,1.5554589612797396,0.4970235200446378,0.06342088214517128,2023
shuffle,250,0.0005935044522171515,0.2133027809929106,4.547212395782063e-05,0.10959686768444339,0.2283666875665872,1.328672982585261,0.2283666875665872,-2.537838139487944,-5.298156054113365,-13.531942989703918,1.5510569990623047,2023
ridge,252,0.009602105049053795,0.999833018771537,0.007629950747975563,1.8068718438637426,0.8784475052703853,0.709187404076663,0.8784475052703853,0.5337800247749763,0.18895786835326153,-0.8463444726978546,0.04705907341363224,2024
shuffle,252,-0.00048266901510591107,-0.1748846477421209,0.0004043340035657732,-0.2678248237488351,-0.5315037252304956,1.3267618521787732,-0.5315037252304956,-3.1630322989820314,-5.791374892113646,-13.64701643537586,-1.210869005212463,2024
ridge,250,0.021249843632444167,1.7245154114243062,0.019174146142662798,5.173572659406544,1.468809431082298,0.7289947294132253,1.468809431082298,1.2614217266274201,1.0541685219854595,0.43323827100232204,0.3488674455760272,2025
shuffle,250,-0.0003573903961799552,-0.13648581599398538,-0.001461196599419158,-0.001881167649158272,-0.0033766514452785255,1.3296547613397842,-0.0033766514452785255,-2.3892221778277536,-4.772838019289564,-11.902492992581438,-0.8713996906700217,2025
ridge,126,0.013839984155479207,0.8315843663005043,0.009293517736540234,1.92794122529201,0.5630759691297146,0.740567825897905,0.5630759691297146,0.34674825254304625,0.13046597276718563,-0.5180776644984131,0.036336242929563875,2026
shuffle,126,-0.00531182388504251,-1.3413881656573048,-0.0028457862693814693,-1.2878333428132689,-1.7924295509992145,1.3224363730631825,-1.7924295509992145,-3.6384054894917632,-5.489210897712924,-11.064124071535119,-1.060631348702164,2026
