model,days,mean_IC,IC_t,rankIC,gross_bps,gross_SR,turnover,SR@0bp,SR@1bp,SR@2bp,SR@5bp,raw_sum_pXa,smooth_k,base
reversal_k1,1634,0.011096435235783237,2.2843766980326405,0.015024620467612892,1.5265640626536625,0.4916154671877922,1.3190497891479982,0.4916154671877922,0.06681530741943871,-0.3578191632905111,-1.6305756452779865,30.984139589374024,1,reversal
reversal_k2,1634,0.011080898254464198,2.334245677566425,0.013737914412081885,1.8181571113203565,0.5635688196107004,1.0192888319563762,0.5635688196107004,0.24757567370577016,-0.06829649267226537,-1.0151064063690567,26.417943056417258,2,reversal
reversal_k3,1634,0.01325784144017659,2.7783072660518573,0.015256349185347715,2.649434897049381,0.7956817313325433,0.830855183874118,0.7956817313325433,0.5461423322285414,0.29661562734265695,-0.4518422611219312,31.903996641257102,3,reversal
reversal_k5,1634,0.010383272166343554,2.1660618487287335,0.01126716769789273,2.2521830549850965,0.6609548212217485,0.6518372684873848,0.6609548212217485,0.4695946627679565,0.27828518816124753,-0.2953168111656609,23.97738933378123,5,reversal
reversal_k10,1634,0.00913779927999205,1.8918038029269286,0.009232214048683365,2.4201729204955527,0.6720275110594407,0.4667474457629653,0.6720275110594407,0.5424315056622829,0.412830249626255,0.02400280742926938,14.432560019659945,10,reversal
reversal_k20,1634,0.0020591011998754415,0.42861020086686796,0.0016950141204488372,0.631993870691322,0.18212012123379423,0.32923599372819184,0.18212012123379423,0.08723757660101823,-0.0076288276201854875,-0.2921278798166384,3.671816937753848,20,reversal
ridge_k1,1634,0.01233332356236441,2.358995263444276,0.008406094598400086,3.1250264077256356,0.8330269923186193,0.7134102028373352,0.8330269923186193,0.6427643647145647,0.4525539498120321,-0.1177401737068814,0.0607400373231285,1,ridge
ridge_k2,1634,0.011110350887473766,2.0675307204316034,0.005711055347072341,3.107076211040316,0.8039053068071164,0.4747666035770369,0.8039053068071164,0.6810080735710102,0.5581310857116994,0.1896287208051421,0.05831122072438759,2,ridge
ridge_k3,1634,0.01042002373736364,1.903469929318936,0.004834540589415757,3.115141426775838,0.7929823989627218,0.3795872345337309,0.7929823989627218,0.6963193781442706,0.5996655926181736,0.30976366304289227,0.05475033357193103,3,ridge
ridge_k5,1634,0.008862350621010116,1.5815492273485758,0.003328639081696326,2.862477871073258,0.7214648966180157,0.2605051614953388,0.7214648966180157,0.6557903367963746,0.5901185986540134,0.3931217876774178,0.04510154776806443,5,ridge
ridge_k10,1634,0.0073095788790802675,1.262453679719219,0.0009769928823626013,2.4926163574490987,0.6143188385345548,0.14893111835947348,0.6143188385345548,0.5776097136971655,0.5409010006206286,0.4307775912686676,0.03708382233504032,10,ridge
ridge_k20,1634,0.006315615183692793,1.0461613260863158,-0.00042667312329125625,2.4862588320877976,0.599681618618406,0.08757512658604269,0.599681618618406,0.5785562620347862,0.5574310252471159,0.4940560948342122,0.03322822660244247,20,ridge
xgb_k1,1634,0.007197595169190715,1.5830646234939154,0.006982503274898154,1.622815889626283,0.43643320737473806,1.1878212646989863,0.43643320737473806,0.11698179326034082,-0.202445679834397,-1.1604367850591586,0.0494160229887045,1,xgb
xgb_k2,1634,0.005311230810971279,1.1298220277985225,0.0034403305429754694,0.7382960040956568,0.2018933635025983,0.7704514128857249,0.2018933635025983,-0.00879296132341182,-0.21946426488195345,-0.8512460851180609,-0.13788088154076428,2,xgb
xgb_k3,1634,0.007479343437169331,1.5364081393988618,0.004649870408729739,1.5736627925307913,0.4291588906319034,0.6069072462392298,0.4291588906319034,0.2635958668209882,0.09809541472742551,-0.39793761244677933,-0.05091025513444239,3,xgb
xgb_k5,1634,0.0073436664335223036,1.4515386284248664,0.004897443298808013,1.5516638240780072,0.41257161407173915,0.43612123056404695,0.41257161407173915,0.29658908269953316,0.18062149068906194,-0.16714304090218987,-0.005413011927935023,5,xgb
xgb_k10,1634,0.0039577024888659785,0.7450919321068687,0.00018705254049653116,0.8913720036719334,0.22761964562641074,0.2744508025612291,0.22761964562641074,0.15752995906366668,0.08744509773011123,-0.12276240091847933,-0.003990475256400493,10,xgb
xgb_k20,1634,0.004803517723625839,0.8411414205501193,-0.0006153943723067744,1.4343626807829455,0.3427796073279564,0.16891852758910517,0.3427796073279564,0.3024247695883219,0.2620653974139835,0.14096524107373598,0.04477139823665148,20,xgb
shuffle_k1,1634,-0.00011495185812208998,-0.10449480670011889,-3.744531457213229e-05,0.058475126785702464,0.09876213053489115,1.3335847781477164,0.09876213053489115,-2.1538367837671455,-4.406781340381195,-11.165673392035616,1.2040601872853256,1,shuffle
shuffle_k2,1634,0.00024026463240251297,0.2118699199264583,0.0006219224880928994,0.10583302154865626,0.1691279391781343,1.000282087762181,0.1691279391781343,-1.4293714592399882,-3.027776751355365,-7.8214826261729025,1.37020632817015,2,shuffle
shuffle_k3,1634,-0.001380500807034646,-1.2358675416805969,-0.0006256192491813841,-0.2961490992815838,-0.4796062678071127,0.8209737882253968,-0.4796062678071127,-1.8091905658261855,-3.1387809878987323,-7.12697195962846,-3.170025820190845,3,shuffle
shuffle_k5,1634,-0.0015804510382783855,-1.4542349813518807,-0.0005991581610779219,-0.3293095977406491,-0.5377937831661302,0.6418935990524247,-0.5377937831661302,-1.5859051675830937,-2.6337751430884344,-5.775606961240357,-2.8899575742189567,5,shuffle
shuffle_k10,1634,-0.0008450098626830791,-0.7813842554526176,-0.0003941933728400152,-0.13723108927012218,-0.22874537553022753,0.45667877050491285,-0.22874537553022753,-0.9899654646159324,-1.7511723965944934,-4.034556562567303,-0.8570597875322813,10,shuffle
shuffle_k20,1634,-6.922498529677028e-05,-0.06247555977402675,0.0006638236162030317,0.09687385410846616,0.15920618747766888,0.3251785962238685,0.15920618747766888,-0.3752185235221826,-0.909677084882102,-2.513159546958269,0.3476833234664053,20,shuffle
