date,strategy_gross,strategy_net,universe_ew,spy,n_tranches
2020-01-03,-0.0071603,-0.0081603,-0.00568664,-0.00757268,1
2020-01-06,-0.00108505,-0.00158505,0.00080903,0.00381518,2
2020-01-07,0.01952823,0.01919489,-0.00114012,-0.00281172,3
2020-01-08,0.00521305,0.00496305,0.00329792,0.00532962,4
2020-01-09,0.00090245,0.00050245,0.00461596,0.00678049,5
2020-01-10,-0.00782761,-0.00822761,-0.00270123,-0.00287764,5
2020-01-13,0.00661812,0.00621812,0.00685474,0.00687771,5
2020-01-14,0.01079387,0.01039387,0.00144381,-0.00152489,5
2020-01-15,-0.00158688,-0.00198688,0.00188311,0.0022598,5
2020-01-16,0.0147796,0.0143796,0.00935701,0.00831841,5
2020-01-17,-0.0054599,-0.0058599,0.00233633,0.00311246,5
2020-01-21,-0.01251845,-0.01291845,-0.00446914,-0.00195806,5
2020-01-22,-0.00257481,-0.00297481,-0.00085508,0.00012086,5
2020-01-23,0.00469191,0.00429191,0.00270201,0.00114665,5
2020-01-24,-0.01728579,-0.01768579,-0.01032071,-0.00889319,5
2020-01-27,-0.03560214,-0.03600214,-0.01590782,-0.01602936,5
2020-01-28,0.01186973,0.01146973,0.00861377,0.01047885,5
2020-01-29,-0.00407112,-0.00447112,-0.00284065,-0.00082581,5
2020-01-30,0.00933439,0.00893439,0.0023837,0.00324528,5
2020-01-31,-0.02234317,-0.02274317,-0.01892843,-0.0181577,5
2020-02-03,0.00846522,0.00806522,0.0068513,0.00742827,5
2020-02-04,0.03056189,0.03016189,0.01453582,0.01524166,5
2020-02-05,0.03409932,0.03369932,0.0146791,0.01154785,5
2020-02-06,-0.01109732,-0.01149732,-0.00044168,0.00336499,5
2020-02-07,-0.02320282,-0.02360282,-0.00786784,-0.00532974,5
2020-02-10,0.00133825,0.00093825,0.0049318,0.00746525,5
2020-02-11,0.01835031,0.01795031,0.00570597,0.00173322,5
2020-02-12,0.02153184,0.02113184,0.00689924,0.00644283,5
2020-02-13,-0.01640895,-0.01680895,-0.00156903,-0.00106734,5
2020-02-14,-0.01494931,-0.01534931,0.00104829,0.00160238,5
2020-02-18,-0.01407767,-0.01447767,-0.00366348,-0.00257694,5
2020-02-19,0.00739839,0.00699839,0.00310924,0.00478102,5
2020-02-20,3.335e-05,-0.00036665,-0.00050163,-0.00410795,5
2020-02-21,-0.02231134,-0.02271134,-0.00874676,-0.01029823,5
2020-02-24,-0.0394277,-0.0398277,-0.03066534,-0.03316556,5
2020-02-25,-0.04467351,-0.04507351,-0.0338584,-0.0303021,5
2020-02-26,-0.02584145,-0.02624145,-0.01011262,-0.00367834,5
2020-02-27,-0.03685215,-0.03725215,-0.039083,-0.04491165,5
2020-02-28,0.01144965,0.01104965,-0.01280576,-0.00420145,5
2020-03-02,0.02069546,0.02029546,0.03897615,0.04330655,5
2020-03-03,-0.03388284,-0.03428284,-0.02539706,-0.02863268,5
2020-03-04,0.02889814,0.02849814,0.03863017,0.04203343,5
2020-03-05,-0.05110926,-0.05150926,-0.03765056,-0.03324201,5
2020-03-06,-0.02509315,-0.02549315,-0.02073571,-0.01653119,5
2020-03-09,-0.1091446,-0.1095446,-0.08857064,-0.07809442,5
2020-03-10,0.05137002,0.05097002,0.04886917,0.05174496,5
2020-03-11,-0.06269452,-0.06309452,-0.05621623,-0.04874853,5
2020-03-12,-0.10257405,-0.10297405,-0.1053806,-0.09567717,5
2020-03-13,0.08652783,0.08612783,0.0835721,0.08548643,5
2020-03-16,-0.11349715,-0.11389715,-0.12726923,-0.10942366,5
2020-03-17,0.06255841,0.06215841,0.0497281,0.05399211,5
2020-03-18,-0.0833612,-0.0837612,-0.07900881,-0.05063311,5
2020-03-19,0.0517978,0.0513978,0.01975693,0.00212507,5
2020-03-20,-0.04824195,-0.04864195,-0.04031604,-0.04309443,5
2020-03-23,-0.03103123,-0.03143123,-0.03642157,-0.02556787,5
2020-03-24,0.13721369,0.13681369,0.1180321,0.09060313,5
2020-03-25,0.04360835,0.04320835,0.03296693,0.01497028,5
2020-03-26,0.06116486,0.06076486,0.06176129,0.05838987,5
2020-03-27,-0.0252612,-0.0256612,-0.0360534,-0.02978596,5
2020-03-30,0.02506923,0.02466923,0.02214407,0.03247572,5
2020-03-31,-0.00884008,-0.00924008,-0.01740178,-0.01490537,5
2020-04-01,-0.05817078,-0.05857078,-0.05419855,-0.0450048,5
2020-04-02,0.01517534,0.01477534,0.01279264,0.02307528,5
2020-04-03,-0.00711359,-0.00751359,-0.01604335,-0.0144541,5
2020-04-06,0.08503865,0.08463865,0.08339787,0.06716642,5
2020-04-07,0.02077546,0.02037546,0.01260857,0.00101954,5
2020-04-08,0.04737063,0.04697063,0.04619671,0.03356833,5
2020-04-09,0.0243349,0.0239349,0.02622171,0.01521728,5
2020-04-13,-0.01761261,-0.01801261,-0.02425814,-0.00913018,5
2020-04-14,0.02792216,0.02752216,0.0251806,0.02949301,5
2020-04-15,-0.03566698,-0.03606698,-0.03540972,-0.02124826,5
2020-04-16,-0.01729835,-0.01769835,-0.00590948,0.00482468,5
2020-04-17,0.05551195,0.05511195,0.0436989,0.02701515,5
2020-04-20,-0.01977956,-0.02017956,-0.02324874,-0.01761783,5
2020-04-21,-0.03201227,-0.03241227,-0.02900568,-0.03036337,5
2020-04-22,0.01999829,0.01959829,0.01859814,0.02219479,5
2020-04-23,0.00943282,0.00903282,0.00348891,-7.209e-05,5
2020-04-24,0.00996013,0.00956013,0.01372034,0.0139388,5
2020-04-27,0.03750302,0.03710302,0.02796008,0.01441852,5
2020-04-28,0.03754492,0.03714492,0.01359079,-0.00459856,5
2020-04-29,0.05916303,0.05876303,0.03219852,0.0261784,5
2020-04-30,-0.03142014,-0.03182014,-0.02441432,-0.00931085,5
2020-05-01,-0.05359463,-0.05399463,-0.03509733,-0.02647312,5
2020-05-04,-0.00076824,-0.00116824,0.00074538,0.00275805,5
2020-05-05,-0.0026232,-0.0030232,0.00551869,0.00923969,5
2020-05-06,-0.02770724,-0.02810724,-0.01484933,-0.00677872,5
2020-05-07,0.02733584,0.02693584,0.01794052,0.01206638,5
2020-05-08,0.04535745,0.04495745,0.02729137,0.01654641,5
2020-05-11,-0.03259774,-0.03299774,-0.0109782,0.00020521,5
2020-05-12,-0.04150113,-0.04190113,-0.02589881,-0.0199317,5
2020-05-13,-0.04877342,-0.04917342,-0.02863653,-0.01768565,5
2020-05-14,0.02539064,0.02499064,0.01462286,0.01196706,5
2020-05-15,-0.00153665,-0.00193665,0.00178057,0.00459709,5
2020-05-18,0.09086286,0.09046286,0.05469753,0.03045954,5
2020-05-19,-0.02226836,-0.02266836,-0.01344089,-0.01027094,5
2020-05-20,0.02661805,0.02621805,0.0183582,0.01698796,5
2020-05-21,0.00933722,0.00893722,-0.00404271,-0.006904,5
2020-05-22,-0.00309291,-0.00349291,0.00123973,0.00189932,5
2020-05-26,0.07292372,0.07252372,0.03159994,0.01232046,5
2020-05-27,0.04352921,0.04312921,0.02436697,0.01487861,5
2020-05-28,-0.03526562,-0.03566562,-0.00774902,-0.00184476,5
2020-05-29,-0.03216516,-0.03256516,-0.00110748,0.0044558,5
2020-06-01,0.04228519,0.04188519,0.01073055,0.00404185,5
2020-06-02,0.01887946,0.01847946,0.01228774,0.00828025,5
2020-06-03,0.07029677,0.06989677,0.02682901,0.01330827,5
2020-06-04,0.03482452,0.03442452,0.0040584,-0.00262687,5
2020-06-05,0.07588314,0.07548314,0.03384405,0.02562976,5
2020-06-08,0.07355983,0.07315983,0.02208602,0.01208712,5
2020-06-09,-0.04625411,-0.04665411,-0.02276347,-0.0074565,5
2020-06-10,-0.04120237,-0.04160237,-0.02081432,-0.00557994,5
2020-06-11,-0.08587212,-0.08627212,-0.06791909,-0.05764903,5
2020-06-12,0.02743039,0.02703039,0.02068081,0.01197582,5
2020-06-15,0.01408652,0.01368652,0.01035527,0.00933546,5
2020-06-16,0.02047487,0.02007487,0.01970061,0.01924759,5
2020-06-17,-0.01739513,-0.01779513,-0.00964408,-0.0041535,5
2020-06-18,0.00258862,0.00218862,-0.00103237,0.000385,5
2020-06-19,-0.01064787,-0.01104787,-0.01030795,-0.00571525,5
2020-06-22,-0.00157496,-0.00197496,0.00184431,0.0064154,5
2020-06-23,0.00786444,0.00746444,0.00143044,0.00460354,5
2020-06-24,-0.05163366,-0.05203366,-0.03344666,-0.02550862,5
2020-06-25,0.01624627,0.01584627,0.01067124,0.01072079,5
2020-06-26,-0.03637599,-0.03677599,-0.02113403,-0.02375147,5
2020-06-29,0.03495295,0.03455295,0.02127569,0.0146975,5
2020-06-30,0.01261902,0.01221902,0.01334122,0.01280919,5
2020-07-01,-0.015076,-0.015476,-0.00184276,0.00700509,5
2020-07-02,0.00945368,0.00905368,0.00606495,0.0055068,5
2020-07-06,0.01462278,0.01422278,0.01143161,0.01543747,5
2020-07-07,-0.04175272,-0.04215272,-0.0168132,-0.01031391,5
2020-07-08,0.00919024,0.00879024,0.00301618,0.00764871,5
2020-07-09,-0.05137852,-0.05177852,-0.01642654,-0.00569278,5
2020-07-10,0.04347884,0.04307884,0.01726268,0.01021008,5
2020-07-13,-0.00336106,-0.00376106,-0.00346356,-0.00865871,5
2020-07-14,0.00916527,0.00876527,0.01569261,0.01295915,5
2020-07-15,0.07189267,0.07149267,0.02373782,0.00918692,5
2020-07-16,-0.01974401,-0.02014401,-0.00209161,-0.00329345,5
2020-07-17,-0.01602097,-0.01642097,0.0032942,0.00289928,5
2020-07-20,-0.02299066,-0.02339066,-0.00599332,0.00808146,5
2020-07-21,0.0320379,0.0316379,0.01075381,0.00212755,5
2020-07-22,-0.00952404,-0.00992404,0.00751162,0.00569208,5
2020-07-23,0.0004598,5.98e-05,-0.00160922,-0.01193167,5
2020-07-24,-0.01219306,-0.01259306,-0.00738864,-0.00644031,5
2020-07-27,-0.01693739,-0.01733739,0.00398095,0.00729234,5
2020-07-28,0.00952988,0.00912988,-0.00583689,-0.00634255,5
2020-07-29,0.01065392,0.01025392,0.01633042,0.01229876,5
2020-07-30,-0.00973373,-0.01013373,-0.00805034,-0.00356794,5
2020-07-31,-0.01315647,-0.01355647,-0.00207347,0.00790243,5
2020-08-03,-0.00598098,-0.00638098,0.00224585,0.00695244,5
2020-08-04,0.01944576,0.01904576,0.00513927,0.00386233,5
2020-08-05,0.02547097,0.02507097,0.00795028,0.00621101,5
2020-08-06,0.00314627,0.00274627,-0.0001478,0.00668445,5
2020-08-07,0.01575474,0.01535474,0.01038607,0.00071792,5
2020-08-10,0.05369762,0.05329762,0.01186901,0.00298886,5
2020-08-11,0.00049977,9.977e-05,-0.00115086,-0.00825462,5
2020-08-12,-0.00884141,-0.00924141,0.00646604,0.0139424,5
2020-08-13,-0.01254309,-0.01294309,-0.00463361,-0.00180776,5
2020-08-14,0.00970351,0.00930351,0.00219084,2.961e-05,5
2020-08-17,-0.01791971,-0.01831971,-0.00041138,0.0031766,5
2020-08-18,-0.01696756,-0.01736756,-0.00468479,0.00216035,5
2020-08-19,-0.00567194,-0.00607194,-0.00427703,-0.00416372,5
2020-08-20,-0.01376133,-0.01416133,-0.00536056,0.00311357,5
2020-08-21,-0.01096745,-0.01136745,-0.00115815,0.00354747,5
2020-08-24,0.05293032,0.05253032,0.01648196,0.01013312,5
2020-08-25,-0.00312513,-0.00352513,-0.000182,0.00349938,5
2020-08-26,-0.02420757,-0.02460757,-0.00142101,0.01002529,5
2020-08-27,0.01672992,0.01632992,0.00605621,0.00218688,5
2020-08-28,0.02948192,0.02908192,0.00915862,0.00645919,5
2020-08-31,-0.02852675,-0.02892675,-0.00823419,-0.00362236,5
2020-09-01,-0.00103752,-0.00143752,0.00359001,0.0094184,5
2020-09-02,0.00660657,0.00620657,0.01890013,0.01446396,5
2020-09-03,0.01072886,0.01032886,-0.02247934,-0.03441414,5
2020-09-04,0.01898549,0.01858549,-0.00190521,-0.00816442,5
2020-09-08,-0.03708112,-0.03748112,-0.0206605,-0.02732305,5
2020-09-09,-0.00080358,-0.00120358,0.01275985,0.01974726,5
2020-09-10,-0.03355138,-0.03395138,-0.01467806,-0.01736372,5
2020-09-11,0.00122344,0.00082344,0.0046788,0.00050905,5
2020-09-14,0.0227204,0.0223204,0.01695765,0.01317132,5
2020-09-15,0.00237321,0.00197321,0.00089219,0.00505241,5
2020-09-16,0.02623162,0.02583162,0.00687821,-0.00396867,5
2020-09-17,-0.00604777,-0.00644777,-0.00481306,-0.00879503,5
2020-09-18,-0.01192714,-0.01232714,-0.01195772,-0.01151287,5
2020-09-21,-0.03120749,-0.03160749,-0.02562627,-0.01112998,5
2020-09-22,0.00601114,0.00561114,0.00550331,0.01018472,5
2020-09-23,-0.03276579,-0.03316579,-0.0214583,-0.0231908,5
2020-09-24,0.00022218,-0.00017782,0.00185844,0.00266534,5
2020-09-25,0.02564047,0.02524047,0.01358408,0.01616693,5
2020-09-28,0.0287943,0.0283943,0.01863971,0.01660924,5
2020-09-29,-0.01947978,-0.01987978,-0.0075792,-0.0054459,5
2020-09-30,0.00354465,0.00314465,0.00621166,0.00758219,5
2020-10-01,-0.00946853,-0.00986853,0.00292752,0.0064198,5
2020-10-02,0.02042294,0.02002294,0.00475067,-0.00949458,5
2020-10-05,0.03112276,0.03072276,0.01782611,0.01773314,5
2020-10-06,-0.02140429,-0.02180429,-0.0099476,-0.01421601,5
2020-10-07,0.02580383,0.02540383,0.01769125,0.01740709,5
2020-10-08,0.03177178,0.03137178,0.01469038,0.00886226,5
2020-10-09,-0.00942361,-0.00982361,0.00194103,0.00893025,5
2020-10-12,-0.00559356,-0.00599356,0.00704947,0.01608755,5
2020-10-13,-0.02847809,-0.02887809,-0.00996504,-0.00652614,5
2020-10-14,0.00381308,0.00341308,-0.00257931,-0.00628356,5
2020-10-15,0.01010783,0.00970783,0.00343148,-0.00123571,5
2020-10-16,-0.02106812,-0.02146812,-0.00068652,-0.00060437,5
2020-10-19,-0.01016869,-0.01056869,-0.01313681,-0.01520345,5
2020-10-20,0.02307973,0.02267973,0.00643937,0.0040056,5
2020-10-21,-0.01887183,-0.01927183,-0.00337297,-0.00189273,5
2020-10-22,0.03170277,0.03130277,0.01216337,0.00548508,5
2020-10-23,0.00152597,0.00112597,0.00490236,0.00339544,5
2020-10-26,-0.04749328,-0.04789328,-0.02305463,-0.01847997,5
2020-10-27,-0.02076195,-0.02116195,-0.01296282,-0.00344728,5
2020-10-28,-0.05529364,-0.05569364,-0.03169561,-0.03417914,5
2020-10-29,0.02378962,0.02338962,0.01111251,0.01016347,5
2020-10-30,0.01974948,0.01934948,-0.00177151,-0.0104248,5
2020-11-02,0.0392279,0.0388279,0.02273408,0.01120841,5
2020-11-03,0.01410324,0.01370324,0.02097339,0.01765593,5
2020-11-04,-0.00550525,-0.00590525,0.00111465,0.02234892,5
2020-11-05,0.01843234,0.01803234,0.02020644,0.01950302,5
2020-11-06,-0.02121604,-0.02161604,-0.00380489,-0.00022825,5
2020-11-09,0.12164125,0.12124125,0.04564663,0.01256548,5
2020-11-10,0.0076617,0.0072617,0.00715881,-0.00146636,5
2020-11-11,-0.01490845,-0.01530845,-0.00144399,0.00742827,5
2020-11-12,-0.03099849,-0.03139849,-0.01559838,-0.00970087,5
2020-11-13,0.03642266,0.03602266,0.02231494,0.01384466,5
2020-11-16,0.03844582,0.03804582,0.02004445,0.01248246,5
2020-11-17,0.00711814,0.00671814,-0.00291899,-0.00537829,5
2020-11-18,-0.00868941,-0.00908941,-0.01101299,-0.0120348,5
2020-11-19,0.00847095,0.00807095,0.00446744,0.00421008,5
2020-11-20,-0.00482609,-0.00522609,-0.00579018,-0.00684775,5
2020-11-23,0.01654922,0.01614922,0.01414474,0.00599459,5
2020-11-24,0.02171672,0.02131672,0.02032907,0.01611355,5
2020-11-25,0.00053182,0.00013182,-0.0059042,-0.00154163,5
2020-11-27,0.0065196,0.0061196,5.167e-05,0.00278486,5
2020-11-30,-0.01813497,-0.01853497,-0.01004343,-0.00442703,5
2020-12-01,0.01037948,0.00997948,0.00998406,0.01093738,5
2020-12-02,0.01030426,0.00990426,0.00199903,0.00210363,5
2020-12-03,0.02074403,0.02034403,0.00473442,-0.00027248,5
2020-12-04,0.03991962,0.03951962,0.01482368,0.00861768,5
2020-12-07,-0.01765296,-0.01805296,-0.00493595,-0.0020548,5
2020-12-08,0.01169786,0.01129786,0.00321394,0.00292593,5
2020-12-09,-0.00423722,-0.00463722,-0.00318518,-0.00896876,5
2020-12-10,0.02551801,0.02511801,-0.00149084,-0.00032714,5
2020-12-11,-0.01500772,-0.01540772,-0.00457515,-0.00117272,5
2020-12-14,-0.02001038,-0.02041038,-0.00764157,-0.00447688,5
2020-12-15,0.02297146,0.02257146,0.01580772,0.01351928,5
2020-12-16,-0.00465303,-0.00505303,-0.00192057,0.00156927,5
2020-12-17,0.00258988,0.00218988,0.00692787,0.00559217,5
2020-12-18,-0.01407591,-0.01447591,-0.0032531,-0.00399313,5
2020-12-21,-0.01726004,-0.01766004,-0.00703423,-0.0035755,5
2020-12-22,-0.01733566,-0.01773566,-0.00404138,-0.00168548,5
2020-12-23,0.03615437,0.03575437,0.00530095,0.00089889,5
2020-12-24,-0.00711875,-0.00751875,0.00255785,0.00389043,5
2020-12-28,0.00822537,0.00782537,0.00300343,0.00859071,5
2020-12-29,-0.00608921,-0.00648921,-0.00490004,-0.00190784,5
2020-12-30,0.02528556,0.02488556,0.0064825,0.00142689,5
2020-12-31,-0.01271468,-0.01311468,0.00780155,0.00508087,5
2021-01-04,-0.01056997,-0.01096997,-0.01644517,-0.01361393,5
2021-01-05,0.0483229,0.0479229,0.00944714,0.00688719,5
2021-01-06,0.01989882,0.01949882,0.02290082,0.00597862,5
2021-01-07,0.01886743,0.01846743,0.00926817,0.01485729,5
2021-01-08,-0.0034638,-0.0038638,0.00183837,0.00569804,5
2021-01-11,-0.00252663,-0.00292663,-0.00161377,-0.00674106,5
2021-01-12,0.04902987,0.04862987,0.00722848,0.00021107,5
2021-01-13,-0.01468618,-0.01508618,-0.00270372,0.00269328,5
2021-01-14,0.03601216,0.03561216,0.00285867,-0.00350209,5
2021-01-15,-0.03621232,-0.03661232,-0.00705496,-0.00729271,5
2021-01-19,0.01858828,0.01818828,0.00481635,0.00785201,5
2021-01-20,-0.00684354,-0.00724354,0.00670434,0.01383876,5
2021-01-21,-0.01328439,-0.01368439,-0.00504154,0.00091178,5
2021-01-22,-0.00472187,-0.00512187,-0.00460084,-0.00353954,5
2021-01-25,-0.02823019,-0.02863019,-0.00086292,0.0039438,5
2021-01-26,-0.02694891,-0.02734891,-0.00499121,-0.00156084,5
2021-01-27,-0.02190597,-0.02230597,-0.02375481,-0.02444043,5
2021-01-28,0.02430304,0.02390304,0.01187598,0.00859992,5
2021-01-29,-0.03179191,-0.03219191,-0.01822004,-0.02001951,5
2021-02-01,0.01905872,0.01865872,0.01322277,0.01664541,5
2021-02-02,0.01260724,0.01220724,0.01350412,0.01414013,5
2021-02-03,0.03621324,0.03581324,0.00279563,0.00078644,5
2021-02-04,0.01639191,0.01599191,0.01264764,0.01136591,5
2021-02-05,0.00411478,0.00371478,0.00562876,0.00393595,5
2021-02-08,0.03027946,0.02987946,0.01099869,0.00722171,5
2021-02-09,-0.01688337,-0.01728337,-0.00079143,-0.00066581,5
2021-02-10,0.01486294,0.01446294,0.00305312,-0.00043558,5
2021-02-11,-0.01427134,-0.01467134,0.00049971,0.00161491,5
2021-02-12,0.01741161,0.01701161,0.00516527,0.00493989,5
2021-02-16,0.00953695,0.00913695,0.00027108,-0.00086593,5
2021-02-17,0.00699775,0.00659775,-0.00013065,0.00022955,5
2021-02-18,-0.02039886,-0.02079886,-0.0050817,-0.00425629,5
2021-02-19,0.0306702,0.0302702,0.00692805,-0.00176587,5
2021-02-22,0.01561111,0.01521111,0.00070441,-0.00769177,5
2021-02-23,0.00309271,0.00269271,0.00314829,0.00121442,5
2021-02-24,0.0383275,0.0379275,0.01455978,0.01101936,5
2021-02-25,-0.04462897,-0.04502897,-0.02266354,-0.02409588,5
2021-02-26,0.00861895,0.00821895,-0.00647852,-0.00515244,5
2021-03-01,0.03345136,0.03305136,0.02216276,0.02424002,5
2021-03-02,-0.01511727,-0.01551727,-0.00421984,-0.00780307,5
2021-03-03,-0.01066584,-0.01106584,-0.00592789,-0.01324568,5
2021-03-04,-0.02405212,-0.02445212,-0.01443036,-0.01237482,5
2021-03-05,0.01977252,0.01937252,0.02300342,0.01839648,5
2021-03-08,-0.04153287,-0.04193287,0.00599612,-0.00497871,5
2021-03-09,0.06119015,0.06079015,0.00337161,0.01427746,5
2021-03-10,-0.0039603,-0.0043603,0.00998706,0.00622451,5
2021-03-11,0.04174272,0.04134272,0.00647313,0.01013934,5
2021-03-12,-0.00136681,-0.00176681,0.00694142,0.0013467,5
2021-03-15,0.02585506,0.02545506,0.00962334,0.00596363,5
2021-03-16,-0.01577254,-0.01617254,-0.00869886,-0.00126122,5
2021-03-17,0.00729307,0.00689307,0.00460372,0.00340981,5
2021-03-18,-0.04156469,-0.04196469,-0.00895014,-0.01454975,5
2021-03-19,0.01467818,0.01427818,-0.00111672,-0.00185034,5
2021-03-22,0.00534013,0.00494013,0.00118746,0.00798532,5
2021-03-23,-0.02846118,-0.02886118,-0.01429365,-0.00787116,5
2021-03-24,-0.01608143,-0.01648143,-0.0013372,-0.00508321,5
2021-03-25,0.00969144,0.00929144,0.01226049,0.00562535,5
2021-03-26,0.02294442,0.02254442,0.01874871,0.01611505,5
2021-03-29,-0.02762285,-0.02802285,-0.00512059,-0.00050522,5
2021-03-30,0.02301751,0.02261751,0.00160611,-0.00265287,5
2021-03-31,0.00936555,0.00896555,-0.00095978,0.00405342,5
2021-04-01,0.0201048,0.0197048,0.01055959,0.01079902,5
2021-04-05,-0.00708411,-0.00748411,0.01022124,0.01435318,5
2021-04-06,0.01495437,0.01455437,0.00099842,-0.00059075,5
2021-04-07,-0.00775602,-0.00815602,-0.00345491,0.00115743,5
2021-04-08,0.00244252,0.00204252,0.0014363,0.00474676,5
2021-04-09,-1.012e-05,-0.00041012,0.00624041,0.00727002,5
2021-04-12,-0.01181316,-0.01221316,0.00162983,0.00036454,5
2021-04-13,0.00930278,0.00890278,-0.00153836,0.00296393,5
2021-04-14,0.00990208,0.00950208,0.00166663,-0.00341537,5
2021-04-15,-0.00851429,-0.00891429,0.0078038,0.01074254,5
2021-04-16,-0.00323981,-0.00363981,0.00454865,0.00334237,5
2021-04-19,-0.01927113,-0.01967113,-0.00468915,-0.00491304,5
2021-04-20,-0.02836113,-0.02876113,-0.0075459,-0.00732141,5
2021-04-21,0.04019134,0.03979134,0.01300849,0.00946205,5
2021-04-22,-0.0061195,-0.0065195,-0.00632879,-0.00913306,5
2021-04-23,0.02336847,0.02296847,0.01073811,0.01084211,5
2021-04-26,0.01532543,0.01492543,0.00152253,0.00208789,5
2021-04-27,0.00828597,0.00788597,0.00155531,-0.00021548,5
2021-04-28,0.00935287,0.00895287,-0.00027197,-0.00028764,5
2021-04-29,-0.00840585,-0.00880585,0.00725925,0.00637306,5
2021-04-30,-0.00945113,-0.00985113,-0.00726263,-0.00657072,5
2021-05-03,0.00675424,0.00635424,0.006232,0.00215676,5
2021-05-04,-0.01652967,-0.01692967,-0.00209812,-0.00616919,5
2021-05-05,0.01678509,0.01638509,0.00248304,0.00031275,5
2021-05-06,-0.02613916,-0.02653916,0.00498521,0.00798559,5
2021-05-07,0.02623144,0.02583144,0.01049965,0.00727797,5
2021-05-10,-0.0272867,-0.0276867,-0.00386659,-0.00990231,5
2021-05-11,-0.00534313,-0.00574313,-0.01117,-0.00892493,5
2021-05-12,-0.03827768,-0.03867768,-0.02260151,-0.0212452,5
2021-05-13,-0.00654257,-0.00694257,0.01458602,0.01201268,5
2021-05-14,0.04368749,0.04328749,0.01549946,0.01535525,5
2021-05-17,0.00527844,0.00487844,-0.00081833,-0.00254463,5
2021-05-18,-0.00228669,-0.00268669,-0.0084264,-0.00861552,5
2021-05-19,-0.01192425,-0.01232425,-0.00540661,-0.00262196,5
2021-05-20,0.01950772,0.01910772,0.00765247,0.01075813,5
2021-05-21,-0.00492151,-0.00532151,0.00134245,-0.00081866,5
2021-05-24,0.01908472,0.01868472,0.0063404,0.01019405,5
2021-05-25,-0.00716525,-0.00756525,-0.00449486,-0.00221849,5
2021-05-26,0.02325357,0.02285357,0.00410595,0.00198445,5
2021-05-27,0.01265591,0.01225591,0.00517522,0.00052476,5
2021-05-28,-0.00392416,-0.00432416,0.00110506,0.00178893,5
2021-06-01,0.03349481,0.03309481,0.00343484,-0.00088097,5
2021-06-02,0.0017149,0.0013149,0.0009449,0.0015728,5
2021-06-03,-0.01273559,-0.01313559,-0.00179293,-0.00371147,5
2021-06-04,0.00464701,0.00424701,0.00490093,0.00914599,5
2021-06-07,0.0062215,0.0058215,-0.00178533,-0.00097036,5
2021-06-08,0.00517637,0.00477637,0.00197395,0.0002133,5
2021-06-09,-0.01496462,-0.01536462,-0.00449318,-0.00149218,5
2021-06-10,-0.00448495,-0.00488495,0.00124086,0.00464878,5
2021-06-11,0.00736679,0.00696679,0.00338231,0.00165229,5
2021-06-14,-0.0121806,-0.0125806,-0.00365593,0.00223902,5
2021-06-15,0.00047634,7.634e-05,0.00072122,-0.00183414,5
2021-06-16,0.0011202,0.0007202,-0.00693557,-0.00558339,5
2021-06-17,-0.02892748,-0.02932748,-0.00984512,-0.00033177,5
2021-06-18,-0.01536688,-0.01576688,-0.01674229,-0.01349038,5
2021-06-21,0.03111287,0.03071287,0.0193835,0.01431591,5
2021-06-22,0.00705867,0.00665867,0.00148189,0.00534647,5
2021-06-23,0.00380502,0.00340502,-0.00152035,-0.0012055,5
2021-06-24,0.00907696,0.00867696,0.00640725,0.00591592,5
2021-06-25,0.00717427,0.00677427,0.00721341,0.00355209,5
2021-06-28,-0.02286858,-0.02326858,-0.0041657,0.00201564,5
2021-06-29,-4.661e-05,-0.00044661,-0.00100385,0.0005382,5
2021-06-30,0.01244201,0.01204201,0.0022102,0.00084176,5
2021-07-01,0.01731073,0.01691073,0.00727079,0.00553649,5
2021-07-02,-0.00766667,-0.00806667,0.00253969,0.00764333,5
2021-07-06,-0.03554939,-0.03594939,-0.00830833,-0.00182134,5
2021-07-07,-0.02133213,-0.02173213,0.00251859,0.00353423,5
2021-07-08,-0.00680037,-0.00720037,-0.01029937,-0.00814805,5
2021-07-09,0.0278145,0.0274145,0.01611352,0.01067472,5
2021-07-12,0.00179101,0.00139101,0.00268186,0.00358204,5
2021-07-13,-0.01629921,-0.01669921,-0.00938797,-0.00340901,5
2021-07-14,-0.03788967,-0.03828967,-0.00110147,0.00149209,5
2021-07-15,-0.02008915,-0.02048915,-0.00233497,-0.00341542,5
2021-07-16,-0.02990542,-0.03030542,-0.00806188,-0.00784347,5
2021-07-19,-0.02826371,-0.02866371,-0.01880073,-0.01476797,5
2021-07-20,0.03305771,0.03265771,0.02000166,0.01433025,5
2021-07-21,0.04305768,0.04265768,0.01028145,0.0080965,5
2021-07-22,-0.00910602,-0.00950602,-0.003041,0.00209385,5
2021-07-23,-0.00432343,-0.00472343,0.00819037,0.01028809,5
2021-07-26,0.0258174,0.0254174,0.00358146,0.0024548,5
2021-07-27,-0.01708159,-0.01748159,-0.0015421,-0.00455745,5
2021-07-28,0.01545027,0.01505027,-3.042e-05,-0.00040996,5
2021-07-29,-0.00029594,-0.00069594,0.00758094,0.00414737,5
2021-07-30,-0.02146965,-0.02186965,-0.00310193,-0.00485642,5
2021-08-02,-0.01431408,-0.01471408,-0.00178868,-0.0020981,5
2021-08-03,0.01627612,0.01587612,0.00806468,0.00813543,5
2021-08-04,-0.01426564,-0.01466564,-0.00943936,-0.00491901,5
2021-08-05,0.0323564,0.0319564,0.00758371,0.00633285,5
2021-08-06,0.0047312,0.0043312,0.00481159,0.00165256,5
2021-08-09,0.00189748,0.00149748,-0.00220501,-0.00081355,5
2021-08-10,0.01479488,0.01439488,0.0046685,0.00124403,5
2021-08-11,0.00196483,0.00156483,0.00672681,0.00248467,5
2021-08-12,-0.00661723,-0.00701723,-0.00041462,0.00299701,5
2021-08-13,-0.02203324,-0.02243324,-0.00030895,0.00181992,5
2021-08-16,-0.02446992,-0.02486992,0.00039696,0.00235459,5
2021-08-17,-0.01396808,-0.01436808,-0.00807808,-0.00655517,5
2021-08-18,-0.00822733,-0.00862733,-0.01035564,-0.01094501,5
2021-08-19,-0.01700814,-0.01740814,-0.00256478,0.00154822,5
2021-08-20,0.01650454,0.01610454,0.00715579,0.00795731,5
2021-08-23,0.04133829,0.04093829,0.00766339,0.00879651,5
2021-08-24,0.0246793,0.0242793,0.00495819,0.00158741,5
2021-08-25,0.016805,0.016405,0.00559736,0.00209811,5
2021-08-26,-0.00946382,-0.00986382,-0.0072368,-0.00590298,5
2021-08-27,0.02964408,0.02924408,0.01079537,0.00894093,5
2021-08-30,-0.0165292,-0.0169292,-0.00199717,0.00439752,5
2021-08-31,0.00834697,0.00794697,0.0003483,-0.00148145,5
2021-09-01,-0.00790961,-0.00830961,-0.00011083,0.00053133,5
2021-09-02,0.02044329,0.02004329,0.00654554,0.00307665,5
2021-09-03,-0.01138638,-0.01178638,-0.00361815,-0.00024288,5
2021-09-07,0.00609425,0.00569425,-0.00859528,-0.00357552,5
2021-09-08,-0.02551057,-0.02591057,-0.00050336,-0.0012181,5
2021-09-09,0.01429508,0.01389508,-0.00247914,-0.0042803,5
2021-09-10,-0.0103793,-0.0107793,-0.00713333,-0.00788447,5
2021-09-13,0.02121477,0.02081477,0.00393625,0.00255944,5
2021-09-14,-0.01633564,-0.01673564,-0.00780352,-0.00539689,5
2021-09-15,0.02698413,0.02658413,0.0089368,0.00835285,5
2021-09-16,-0.00170665,-0.00210665,-0.00207816,-0.00158529,5
2021-09-17,-0.00364668,-0.00404668,-0.00815434,-0.00974106,5
2021-09-20,-0.02895764,-0.02935764,-0.01490311,-0.01667434,5
2021-09-21,-0.01028025,-0.01068025,-0.00311448,-0.00094447,5
2021-09-22,0.03717294,0.03677294,0.01143399,0.00975479,5
2021-09-23,0.03560302,0.03520302,0.0139646,0.01214991,5
2021-09-24,0.00259761,0.00219761,0.00111443,0.00164736,5
2021-09-27,0.03073133,0.03033133,0.00194361,-0.00286097,5
2021-09-28,-0.01910257,-0.01950257,-0.01497351,-0.02015204,5
2021-09-29,-0.01248632,-0.01288632,0.00182454,0.00168352,5
2021-09-30,-0.00330643,-0.00370643,-0.01591831,-0.01222243,5
2021-10-01,0.01909952,0.01869952,0.01240513,0.01188409,5
2021-10-04,-0.01280304,-0.01320304,-0.00697769,-0.0128961,5
2021-10-05,0.01218383,0.01178383,0.0077585,0.01040504,5
2021-10-06,-0.01258606,-0.01298606,0.0013348,0.00415598,5
2021-10-07,0.02278405,0.02238405,0.00841731,0.00864562,5
2021-10-08,-0.0033582,-0.0037582,-0.00270704,-0.00182364,5
2021-10-11,0.00478864,0.00438864,-0.0055133,-0.00723958,5
2021-10-12,0.01984566,0.01944566,0.00061096,-0.00246169,5
2021-10-13,0.00312643,0.00272643,0.00176206,0.00359758,5
2021-10-14,0.01913334,0.01873334,0.01739012,0.01682067,5
2021-10-15,0.00711885,0.00671885,0.00382056,0.00761595,5
2021-10-18,0.01127189,0.01087189,0.00028189,0.00296045,5
2021-10-19,0.00254125,0.00214125,0.0057552,0.0077149,5
2021-10-20,0.00221176,0.00181176,0.00760666,0.00392763,5
2021-10-21,-0.00362461,-0.00402461,0.0018219,0.00260844,5
2021-10-22,0.00092898,0.00052898,0.00274637,-0.00103637,5
2021-10-25,0.0172105,0.0168105,0.00193699,0.00536263,5
2021-10-26,-0.00147568,-0.00187568,-0.00176267,0.00090016,5
2021-10-27,-0.00983375,-0.01023375,-0.01256516,-0.00443009,5
2021-10-28,0.01477532,0.01437532,0.01042279,0.00964888,5
2021-10-29,-0.00895775,-0.00935775,-0.00176673,0.00202905,5
2021-11-01,0.02299506,0.02259506,0.00748061,0.00172012,5
2021-11-02,-0.00413087,-0.00453087,0.00349264,0.00404307,5
2021-11-03,0.00490678,0.00450678,0.00603525,0.00610529,5
2021-11-04,-0.01172581,-0.01212581,-0.00191984,0.00471253,5
2021-11-05,-0.00573418,-0.00613418,0.00798174,0.00346962,5
2021-11-08,0.00508674,0.00468674,0.00126337,0.00085362,5
2021-11-09,-0.01817223,-0.01857223,-0.00029136,-0.0033053,5
2021-11-10,-0.01878651,-0.01918651,-0.0058307,-0.00804487,5
2021-11-11,0.01600993,0.01560993,0.00185664,0.00032357,5
2021-11-12,0.00839469,0.00799469,0.00488711,0.00754682,5
2021-11-15,-0.00513947,-0.00553947,0.00175965,0.00034249,5
2021-11-16,0.00716059,0.00676059,0.00142818,0.00395791,5
2021-11-17,-0.00896036,-0.00936036,-0.00502081,-0.00242943,5
2021-11-18,0.00073666,0.00033666,-0.00361197,0.00339654,5
2021-11-19,0.00746471,0.00706471,-0.00557157,-0.00178838,5
2021-11-22,0.0008242,0.0004242,0.00157487,-0.00281531,5
2021-11-23,-0.00429164,-0.00469164,0.003528,0.00132622,5
2021-11-24,0.01453395,0.01413395,0.00062471,0.00266985,5
2021-11-26,-0.03151793,-0.03191793,-0.02514241,-0.02230315,5
2021-11-29,0.02151601,0.02111601,0.00807246,0.01226669,5
2021-11-30,-0.02445651,-0.02485651,-0.02541467,-0.01945775,5
2021-12-01,-0.05209057,-0.05249057,-0.01303767,-0.011107,5
2021-12-02,0.03690713,0.03650713,0.02427811,0.01531601,5
2021-12-03,-0.03059412,-0.03099412,-0.00438308,-0.00870129,5
2021-12-06,0.02576198,0.02536198,0.014895,0.01184344,5
2021-12-07,0.02847579,0.02807579,0.01641195,0.02068501,5
2021-12-08,0.02191301,0.02151301,0.003436,0.00264786,5
2021-12-09,-0.02477825,-0.02517825,-0.00722435,-0.00675162,5
2021-12-10,-0.00239646,-0.00279646,0.00607153,0.00941369,5
2021-12-13,-0.03120501,-0.03160501,-0.00714624,-0.0088585,5
2021-12-14,-0.00997116,-0.01037116,-0.00573751,-0.00688011,5
2021-12-15,0.01436124,0.01396124,0.01127259,0.01562511,5
2021-12-16,-0.02714868,-0.02754868,-0.00145761,-0.00881867,5
2021-12-17,0.0169624,0.0165624,-0.0092748,-0.01064282,5
2021-12-20,-0.01045896,-0.01085896,-0.01370385,-0.01063339,5
2021-12-21,0.05016908,0.04976908,0.01998093,0.01775896,5
2021-12-22,0.01155018,0.01115018,0.00726034,0.00999889,5
2021-12-23,0.00822854,0.00782854,0.00674464,0.00622191,5
2021-12-27,0.00925161,0.00885161,0.01261044,0.01415219,5
2021-12-28,-0.0102752,-0.0106752,0.00155536,-0.00081727,5
2021-12-29,-0.00523188,-0.00563188,0.00301692,0.00127941,5
2021-12-30,-0.00080852,-0.00120852,-0.00160649,-0.00276463,5
2021-12-31,-0.00652079,-0.00692079,0.00071321,-0.00252013,5
2022-01-03,0.02185891,0.02145891,0.00035083,0.00578989,5
2022-01-04,-0.00646068,-0.00686068,0.00796119,-0.00033499,5
2022-01-05,-0.04914369,-0.04954369,-0.016024,-0.01920213,5
2022-01-06,0.00133412,0.00093412,0.00242826,-0.00093919,5
2022-01-07,-0.0055866,-0.0059866,-0.00298507,-0.00395362,5
2022-01-10,0.00796606,0.00756606,-0.00462351,-0.00124428,5
2022-01-11,0.01303837,0.01263837,0.00886457,0.00910802,5
2022-01-12,0.00221385,0.00181385,0.00092034,0.00270366,5
2022-01-13,-0.02500876,-0.02540876,-0.00518601,-0.01377868,5
2022-01-14,-0.00152743,-0.00192743,-0.00218229,0.00040915,5
2022-01-18,-0.03406374,-0.03446374,-0.01692374,-0.01770975,5
2022-01-19,-0.01193412,-0.01233412,-0.01010608,-0.01038345,5
2022-01-20,-0.01703915,-0.01743915,-0.01226429,-0.01106791,5
2022-01-21,-0.03368254,-0.03408254,-0.01429852,-0.01963081,5
2022-01-24,0.01571902,0.01531902,0.00741903,0.0042468,5
2022-01-25,-0.028561,-0.028961,-0.01075573,-0.01220891,5
2022-01-26,-0.00344604,-0.00384604,-0.00666543,-0.00250903,5
2022-01-27,-0.03248999,-0.03288999,-0.00677283,-0.00493781,5
2022-01-28,0.01513539,0.01473539,0.01716777,0.02483542,5
2022-01-31,0.0413039,0.0409039,0.01753729,0.01801116,5
2022-02-01,0.01779813,0.01739813,0.00744551,0.00675673,5
2022-02-02,0.00451317,0.00411317,0.00714502,0.00971396,5
2022-02-03,-0.03370931,-0.03410931,-0.01479262,-0.02350474,5
2022-02-04,0.00749106,0.00709106,-0.00139599,0.0047021,5
2022-02-07,0.00616919,0.00576919,0.00119311,-0.00320912,5
2022-02-08,0.01603239,0.01563239,0.00960389,0.00822781,5
2022-02-09,0.0386817,0.0382817,0.01773133,0.01463606,5
2022-02-10,-0.02104677,-0.02144677,-0.01664061,-0.01796576,5
2022-02-11,-0.03545913,-0.03585913,-0.01442138,-0.0197187,5
2022-02-14,-0.01191968,-0.01231968,-0.0079207,-0.00326937,5
2022-02-15,0.04437474,0.04397474,0.01586862,0.01612699,5
2022-02-16,-0.00043178,-0.00083178,0.00278597,0.0011209,5
2022-02-17,-0.03969821,-0.04009821,-0.01837503,-0.02136142,5
2022-02-18,-0.01131099,-0.01171099,-0.00433726,-0.00647503,5
2022-02-22,-0.01770385,-0.01810385,-0.009827,-0.01073169,5
2022-02-23,-0.02827076,-0.02867076,-0.01668859,-0.01773881,5
2022-02-24,0.05462254,0.05422254,0.01161189,0.01504937,5
2022-02-25,0.02775345,0.02735345,0.02703762,0.02206391,5
2022-02-28,0.00357083,0.00317083,-0.00614207,-0.00255862,5
2022-03-01,-0.02808782,-0.02848782,-0.01841995,-0.01523021,5
2022-03-02,0.02367195,0.02327195,0.02268436,0.01839617,5
2022-03-03,-0.02323379,-0.02363379,-0.00268738,-0.00497858,5
2022-03-04,-0.03256452,-0.03296452,-0.00771577,-0.00812464,5
2022-03-07,-0.06186938,-0.06226938,-0.03099706,-0.02947906,5
2022-03-08,0.01734102,0.01694102,-0.00498315,-0.00758165,5
2022-03-09,0.04089811,0.04049811,0.02355357,0.02681061,5
2022-03-10,-0.00530978,-0.00570978,-0.00312386,-0.00451528,5
2022-03-11,-0.01529701,-0.01569701,-0.01078058,-0.0127151,5
2022-03-14,-0.01438211,-0.01478211,-0.0039096,-0.00730851,5
2022-03-15,0.03686628,0.03646628,0.01780532,0.02199043,5
2022-03-16,0.05699548,0.05659548,0.02175007,0.02217427,5
2022-03-17,0.01448666,0.01408666,0.01210049,0.01251101,5
2022-03-18,0.02238456,0.02198456,0.00845108,0.01095257,5
2022-03-21,-0.0002278,-0.0006278,-0.00248595,-0.00029233,5
2022-03-22,0.01631147,0.01591147,0.0076251,0.01170153,5
2022-03-23,-0.00629127,-0.00669127,-0.01379411,-0.01287847,5
2022-03-24,0.01283877,0.01243877,0.01217857,0.01507435,5
2022-03-25,-0.00523644,-0.00563644,0.00678024,0.00488363,5
2022-03-28,0.00641497,0.00601497,0.00287766,0.00711307,5
2022-03-29,0.03857333,0.03817333,0.01587436,0.0123708,5
2022-03-30,-0.02115308,-0.02155308,-0.00717819,-0.00617483,5
2022-03-31,-0.01236191,-0.01276191,-0.01414929,-0.01539129,5
2022-04-01,0.0007998,0.0003998,0.00365817,0.00283407,5
2022-04-04,0.02438246,0.02398246,0.00174238,0.00856664,5
2022-04-05,-0.03317121,-0.03357121,-0.01045728,-0.01263131,5
2022-04-06,-0.02898091,-0.02938091,-0.00481806,-0.00999952,5
2022-04-07,0.00394332,0.00354332,0.0032387,0.00503914,5
2022-04-08,-0.00523799,-0.00563799,0.00147464,-0.00267395,5
2022-04-11,-0.01301033,-0.01341033,-0.00942091,-0.01709245,5
2022-04-12,-0.00856679,-0.00896679,-0.00286165,-0.00370505,5
2022-04-13,0.03082221,0.03042221,0.01124376,0.01145348,5
2022-04-14,-0.02623155,-0.02663155,-0.00703,-0.01245174,5
2022-04-18,-0.00828027,-0.00868027,-0.00257137,0.00041123,5
2022-04-19,0.03399891,0.03359891,0.01835325,0.01614253,5
2022-04-20,-0.02878367,-0.02918367,0.00627133,-0.00074149,5
2022-04-21,-0.04384494,-0.04424494,-0.01450955,-0.01495342,5
2022-04-22,-0.02445393,-0.02485393,-0.0278972,-0.02743928,5
2022-04-25,0.02045366,0.02005366,0.00334532,0.00579752,5
2022-04-26,-0.04119404,-0.04159404,-0.02431808,-0.02896065,5
2022-04-27,-0.00305181,-0.00345181,0.00182898,0.00281178,5
2022-04-28,0.02627008,0.02587008,0.01836238,0.02525933,5
2022-04-29,-0.0333337,-0.0337337,-0.03070145,-0.03695567,5
2022-05-02,0.0234712,0.0230712,0.00293874,0.0060195,5
2022-05-03,0.01682177,0.01642177,0.00778178,0.00458399,5
2022-05-04,0.0370327,0.0366327,0.02803509,0.03045289,5
2022-05-05,-0.04749825,-0.04789825,-0.03127537,-0.0355428,5
2022-05-06,-0.02005158,-0.02045158,-0.0100562,-0.00596879,5
2022-05-09,-0.04549776,-0.04589776,-0.02910408,-0.03201736,5
2022-05-10,0.00192617,0.00152617,-0.00243451,0.00231044,5
2022-05-11,-0.01904812,-0.01944812,-0.01328573,-0.01588603,5
2022-05-12,0.0050425,0.0046425,0.00506822,-0.00104381,5
2022-05-13,0.04196023,0.04156023,0.02435411,0.02390759,5
2022-05-16,-0.00582658,-0.00622658,-0.00440609,-0.00405728,5
2022-05-17,0.03105399,0.03065399,0.02176345,0.02057021,5
2022-05-18,-0.0480286,-0.0484286,-0.03864495,-0.04031145,5
2022-05-19,0.00984067,0.00944067,-0.00183343,-0.00612466,5
2022-05-20,-0.00837624,-0.00877624,0.00053753,0.00043636,5
2022-05-23,0.01140783,0.01100783,0.01349441,0.01871024,5
2022-05-24,-0.01948576,-0.01988576,-0.00748364,-0.00763376,5
2022-05-25,0.02278673,0.02238673,0.01206573,0.00883489,5
2022-05-26,0.03981798,0.03941798,0.02244093,0.01998139,5
2022-05-27,0.03205318,0.03165318,0.0236628,0.02454913,5
2022-05-31,-0.01257572,-0.01297572,-0.00918027,-0.00561096,5
2022-06-01,-0.01511506,-0.01551506,-0.01092388,-0.0080887,5
2022-06-02,0.0339841,0.0335841,0.01879458,0.01904359,5
2022-06-03,-0.01954667,-0.01994667,-0.01237971,-0.01641162,5
2022-06-06,0.00553796,0.00513796,0.00351335,0.00304502,5
2022-06-07,0.00659003,0.00619003,0.00940746,0.00959204,5
2022-06-08,-0.01491339,-0.01531339,-0.01445676,-0.01087189,5
2022-06-09,-0.04511075,-0.04551075,-0.02284193,-0.02378319,5
2022-06-10,-0.04007586,-0.04047586,-0.02736575,-0.02899555,5
2022-06-13,-0.06241187,-0.06281187,-0.04103029,-0.03796813,5
2022-06-14,-0.00296317,-0.00336317,-0.00543406,-0.00301338,5
2022-06-15,0.01956645,0.01916645,0.01143117,0.01425627,5
2022-06-16,-0.04759099,-0.04799099,-0.03610753,-0.03309598,5
2022-06-17,0.00992123,0.00952123,0.00391488,0.0021557,5
2022-06-21,0.01514261,0.01474261,0.01789504,0.02517368,5
2022-06-22,-0.00334998,-0.00374998,-0.0007319,-0.00181301,5
2022-06-23,0.01056804,0.01016804,0.00794469,0.00980258,5
2022-06-24,0.04009061,0.03969061,0.03290774,0.03179379,5
2022-06-27,0.00878873,0.00838873,-0.00051938,-0.00381944,5
2022-06-28,-0.00353064,-0.00393064,-0.01516342,-0.02043304,5
2022-06-29,-0.03120635,-0.03160635,-0.00587623,-0.00081431,5
2022-06-30,-0.01703374,-0.01743374,-0.0064197,-0.0081245,5
2022-07-01,0.01366597,0.01326597,0.01245569,0.01057662,5
2022-07-05,0.00685989,0.00645989,-0.00279384,0.00188856,5
2022-07-06,-0.0217949,-0.0221949,0.00036079,0.0033773,5
2022-07-07,0.046487,0.046087,0.01494941,0.01497721,5
2022-07-08,-0.00626552,-0.00666552,-0.00372763,-0.00082259,5
2022-07-11,-0.02814236,-0.02854236,-0.00928297,-0.01142343,5
2022-07-12,0.00308505,0.00268505,-0.00441939,-0.00884913,5
2022-07-13,-0.00133005,-0.00173005,-0.00573294,-0.00525153,5
2022-07-14,-0.02678658,-0.02718658,-0.00820396,-0.00242866,5
2022-07-15,0.0340274,0.0336274,0.01963909,0.01910521,5
2022-07-18,0.0257601,0.0253601,-0.00442706,-0.00825693,5
2022-07-19,0.04535627,0.04495627,0.0302488,0.02701934,5
2022-07-20,0.02530406,0.02490406,0.00594672,0.00637295,5
2022-07-21,-0.01886799,-0.01926799,0.00736975,0.01018323,5
2022-07-22,-0.02429494,-0.02469494,-0.0055882,-0.00927821,5
2022-07-25,0.01803405,0.01763405,0.0033212,0.0012152,5
2022-07-26,-0.02434371,-0.02474371,-0.00791414,-0.01183132,5
2022-07-27,0.04774576,0.04734576,0.02001673,0.02596652,5
2022-07-28,0.02295368,0.02255368,0.01547627,0.01254239,5
2022-07-29,0.01712915,0.01672915,0.00906585,0.01457864,5
2022-08-01,-0.01019184,-0.01059184,-0.00191233,-0.00296109,5
2022-08-02,0.01049273,0.01009273,-0.00658843,-0.00659749,5
2022-08-03,0.01465504,0.01425504,0.00995116,0.0156595,5
2022-08-04,-0.00698382,-0.00738382,-0.00244727,-0.00067558,5
2022-08-05,0.01248078,0.01208078,0.00136481,-0.00169021,5
2022-08-08,0.01121786,0.01081786,0.00324211,-0.00116087,5
2022-08-09,-0.01962501,-0.02002501,-0.0060003,-0.00397091,5
2022-08-10,0.03851181,0.03811181,0.02170908,0.02100396,5
2022-08-11,0.01749801,0.01709801,0.00460522,0.0,5
2022-08-12,0.02213377,0.02173377,0.01626523,0.01692907,5
2022-08-15,-0.00368001,-0.00408001,0.00181311,0.00412073,5
2022-08-16,-0.00030289,-0.00070289,0.00346015,0.00195879,5
2022-08-17,-0.03033999,-0.03073999,-0.00948001,-0.0070981,5
2022-08-18,0.00590181,0.00550181,0.00352742,0.00290635,5
2022-08-19,-0.02824066,-0.02864066,-0.0128287,-0.01343802,5
2022-08-22,-0.03939757,-0.03979757,-0.02172378,-0.02082241,5
2022-08-23,0.01083827,0.01043827,-0.00116821,-0.0024193,5
2022-08-24,0.02447331,0.02407331,0.00478084,0.00320092,5
2022-08-25,0.02742284,0.02702284,0.01502302,0.01411764,5
2022-08-26,-0.04814734,-0.04854734,-0.03261185,-0.03384901,5
2022-08-29,-0.00619852,-0.00659852,-0.00547488,-0.0066121,5
2022-08-30,-0.01321206,-0.01361206,-0.01048337,-0.01097786,5
2022-08-31,-0.01442746,-0.01482746,-0.00763505,-0.00760912,5
2022-09-01,-0.00389247,-0.00429247,0.00150791,0.00313788,5
2022-09-02,-0.00718318,-0.00758318,-0.00774869,-0.01054447,5
2022-09-06,-0.00572252,-0.00612252,-0.00309028,-0.00377304,5
2022-09-07,0.02619606,0.02579606,0.02242188,0.01796498,5
2022-09-08,0.02380997,0.02340997,0.00862823,0.00653606,5
2022-09-09,0.02835933,0.02795933,0.014312,0.01553532,5
2022-09-12,0.00991793,0.00951793,0.00905713,0.01074779,5
2022-09-13,-0.04818524,-0.04858524,-0.03969669,-0.0434826,5
2022-09-14,0.01483907,0.01443907,-0.00011818,0.00381598,5
2022-09-15,-0.00520209,-0.00560209,-0.00771628,-0.01135326,5
2022-09-16,-0.01133832,-0.01173832,-0.01000368,-0.0076291,5
2022-09-19,0.00918938,0.00878938,0.00805231,0.00775519,5
2022-09-20,-0.02607836,-0.02647836,-0.01652239,-0.01147865,5
2022-09-21,-0.02615364,-0.02655364,-0.01638116,-0.01744379,5
2022-09-22,-0.02950226,-0.02990226,-0.01452827,-0.00839995,5
2022-09-23,-0.03553038,-0.03593038,-0.01666775,-0.01675484,5
2022-09-26,-0.01925816,-0.01965816,-0.01482936,-0.00989256,5
2022-09-27,0.01541369,0.01501369,-0.00304689,-0.0025527,5
2022-09-28,0.03673125,0.03633125,0.02356159,0.01967633,5
2022-09-29,-0.02745991,-0.02785991,-0.01974724,-0.02088926,5
2022-09-30,-0.0361321,-0.0365321,-0.01169816,-0.01546346,5
2022-10-03,0.03677158,0.03637158,0.02911945,0.0264014,5
2022-10-04,0.07019474,0.06979474,0.03420564,0.0309865,5
2022-10-05,-0.00829322,-0.00869322,-0.00437831,-0.00232803,5
2022-10-06,-0.0126371,-0.0130371,-0.01200617,-0.01031573,5
2022-10-07,-0.03508885,-0.03548885,-0.02429597,-0.02789426,5
2022-10-10,-0.02009221,-0.02049221,-0.00647865,-0.00763505,5
2022-10-11,-0.00629242,-0.00669242,-0.00426343,-0.00633299,5
2022-10-12,0.00172128,0.00132128,-0.00550617,-0.00329839,5
2022-10-13,0.01703641,0.01663641,0.02408417,0.02639101,5
2022-10-14,-0.03268316,-0.03308316,-0.02251063,-0.02278881,5
2022-10-17,0.0330169,0.0326169,0.02331426,0.02569704,5
2022-10-18,0.01753723,0.01713723,0.01445495,0.01174957,5
2022-10-19,-0.02824499,-0.02864499,-0.01176399,-0.00708654,5
2022-10-20,0.00482947,0.00442947,-0.01094958,-0.00838534,5
2022-10-21,0.03171563,0.03131563,0.02342837,0.02430143,5
2022-10-24,0.01021385,0.00981385,0.01037827,0.01223653,5
2022-10-25,0.03852689,0.03812689,0.02030511,0.01596875,5
2022-10-26,0.00301157,0.00261157,0.00122249,-0.00753419,5
2022-10-27,-0.01065943,-0.01105943,0.00045541,-0.00534007,5
2022-10-28,0.02435916,0.02395916,0.02190436,0.02379084,5
2022-10-31,-6.821e-05,-0.00046821,-0.00486317,-0.00722335,5
2022-11-01,0.00592623,0.00552623,0.00188431,-0.00437599,5
2022-11-02,-0.03496714,-0.03536714,-0.02449812,-0.02509615,5
2022-11-03,-0.01015012,-0.01055012,-0.0058952,-0.01029685,5
2022-11-04,0.0194652,0.0190652,0.0161219,0.0143932,5
2022-11-07,0.01655618,0.01615618,0.00778873,0.00956544,5
2022-11-08,0.0134725,0.0130725,0.00657733,0.00539541,5
2022-11-09,-0.0349328,-0.0353328,-0.01753077,-0.02060197,5
2022-11-10,0.09937147,0.09897147,0.05634523,0.05495415,5
2022-11-11,0.02308266,0.02268266,0.00992533,0.00967856,5
2022-11-14,-0.0196336,-0.0200336,-0.01163557,-0.00850695,5
2022-11-15,0.01794261,0.01754261,0.00964233,0.00852914,5
2022-11-16,-0.0224957,-0.0228957,-0.01070193,-0.00762851,5
2022-11-17,-0.00411225,-0.00451225,-0.00539329,-0.00306023,5
2022-11-18,-0.00028408,-0.00068408,0.00796233,0.00454052,5
2022-11-21,-0.0056833,-0.0060833,-0.00017996,-0.00363599,5
2022-11-22,0.01940956,0.01900956,0.01310902,0.01345695,5
2022-11-23,0.00912087,0.00872087,0.00450135,0.00630163,5
2022-11-25,-0.00230527,-0.00270527,0.00269433,-0.00022365,5
2022-11-28,-0.02060786,-0.02100786,-0.0169061,-0.01595701,5
2022-11-29,0.00645025,0.00605025,0.00336671,-0.00171752,5
2022-11-30,0.03168224,0.03128224,0.02515393,0.03150071,5
2022-12-01,-0.00033707,-0.00073707,0.00094116,-0.00073605,5
2022-12-02,-0.00063093,-0.00103093,-0.000361,-0.00115365,5
2022-12-05,-0.0356219,-0.0360219,-0.0193051,-0.01798935,5
2022-12-06,-0.02463052,-0.02503052,-0.01126616,-0.0144148,5
2022-12-07,-0.00781267,-0.00821267,-0.0016058,-0.00170119,5
2022-12-08,0.00222345,0.00182345,0.00654247,0.00783411,5
2022-12-09,-0.0015826,-0.0019826,-0.00690755,-0.00747034,5
2022-12-12,0.0142203,0.0138203,0.01447383,0.01441715,5
2022-12-13,0.02159302,0.02119302,0.00719645,0.00757005,5
2022-12-14,-0.0024783,-0.0028783,-0.00657841,-0.00639361,5
2022-12-15,-0.03329751,-0.03369751,-0.02243908,-0.02446172,5
2022-12-16,-0.01898655,-0.01938655,-0.01141196,-0.01180603,5
2022-12-19,-0.01852722,-0.01892722,-0.00910304,-0.00847976,5
2022-12-20,-0.00273049,-0.00313049,0.00086128,0.00136829,5
2022-12-21,0.0215217,0.0211217,0.01533268,0.01495257,5
2022-12-22,-0.02979594,-0.03019594,-0.01099934,-0.01426614,5
2022-12-23,0.00239776,0.00199776,0.00668847,0.00575238,5
2022-12-27,-0.02627999,-0.02667999,5.594e-05,-0.0039436,5
2022-12-28,-0.01057468,-0.01097468,-0.01364156,-0.01242783,5
2022-12-29,0.03695312,0.03655312,0.01783891,0.01800036,5
2022-12-30,-0.00042576,-0.00082576,-0.00424278,-0.00263417,5
2023-01-03,-0.02079043,-0.02119043,-0.00081836,-0.00420993,5
2023-01-04,0.0434996,0.0430996,0.01577673,0.00772029,5
2023-01-05,-0.01243568,-0.01283568,-0.0103625,-0.01141328,5
2023-01-06,0.02651897,0.02611897,0.02393974,0.02293186,5
2023-01-09,0.02488424,0.02448424,0.00016971,-0.00056689,5
2023-01-10,0.02288106,0.02248106,0.00771175,0.00701287,5
2023-01-11,0.01895601,0.01855601,0.01220321,0.01264792,5
2023-01-12,0.02050046,0.02010046,0.00356385,0.00364082,5
2023-01-13,0.01032984,0.00992984,0.00253572,0.00387943,5
2023-01-17,0.01436947,0.01396947,-0.00211676,-0.00183183,5
2023-01-18,-0.01906538,-0.01946538,-0.01557165,-0.01578798,5
2023-01-19,-0.03536508,-0.03576508,-0.01090192,-0.00727989,5
2023-01-20,0.03341712,0.03301712,0.01762336,0.01862903,5
2023-01-23,0.03662155,0.03622155,0.01210918,0.01199842,5
2023-01-24,-0.00646022,-0.00686022,-0.00149437,-0.00107316,5
2023-01-25,-0.00410357,-0.00450357,0.00186231,0.00037475,5
2023-01-26,0.01143508,0.01103508,0.00813886,0.01099048,5
2023-01-27,0.01922743,0.01882743,0.00124554,0.00229764,5
2023-01-30,-0.02490571,-0.02530571,-0.0098786,-0.01254691,5
2023-01-31,0.02892218,0.02852218,0.01681358,0.01470341,5
2023-02-01,0.03395584,0.03355584,0.0107423,0.01062797,5
2023-02-02,0.02845179,0.02805179,0.00990521,0.01455698,5
2023-02-03,-0.0251773,-0.0255773,-0.01137167,-0.01062928,5
2023-02-06,-0.00835783,-0.00875783,-0.0072383,-0.00611106,5
2023-02-07,0.01426665,0.01386665,0.00891186,0.01307845,5
2023-02-08,-0.0286223,-0.0290223,-0.00975338,-0.0109348,5
2023-02-09,-0.01276611,-0.01316611,-0.00889293,-0.00866912,5
2023-02-10,-0.00899632,-0.00939632,0.00357861,0.00233367,5
2023-02-13,0.02378198,0.02338198,0.01095036,0.01173893,5
2023-02-14,0.00990187,0.00950187,-0.00201981,-0.00046015,5
2023-02-15,0.02745278,0.02705278,0.00496605,0.00324744,5
2023-02-16,-0.03923967,-0.03963967,-0.0110976,-0.01376872,5
2023-02-17,-0.00505657,-0.00545657,-0.00117038,-0.00249853,5
2023-02-21,-0.03655187,-0.03695187,-0.02114293,-0.02006079,5
2023-02-22,0.00802297,0.00762297,-0.0014175,-0.00137816,5
2023-02-23,0.01486358,0.01446358,0.00339883,0.00531939,5
2023-02-24,-0.02422226,-0.02462226,-0.00867643,-0.01068238,5
2023-02-27,0.01190978,0.01150978,0.00128374,0.00340586,5
2023-02-28,-0.00215023,-0.00255023,-0.00275144,-0.00369594,5
2023-03-01,-0.00574978,-0.00614978,-0.00269514,-0.00383595,5
2023-03-02,0.00690565,0.00650565,0.00816722,0.00777727,5
2023-03-03,0.02056898,0.02016898,0.0133628,0.016038,5
2023-03-06,-0.00521609,-0.00561609,-0.00438584,0.00069266,5
2023-03-07,-0.0214981,-0.0218981,-0.01600494,-0.01532879,5
2023-03-08,-0.0060148,-0.0064148,0.00223108,0.00163206,5
2023-03-09,-0.03867055,-0.03907055,-0.0202005,-0.01844987,5
2023-03-10,-0.02987244,-0.03027244,-0.02022475,-0.01442945,5
2023-03-13,-0.01657733,-0.01697733,-0.00866622,-0.00142523,5
2023-03-14,0.00957081,0.00917081,0.01326637,0.01652997,5
2023-03-15,-0.02454114,-0.02494114,-0.01447004,-0.00625415,5
2023-03-16,0.0162586,0.0158586,0.01317276,0.01754495,5
2023-03-17,-0.04213527,-0.04253527,-0.01687379,-0.01169252,5
2023-03-20,0.02008066,0.01968066,0.01329658,0.00961552,5
2023-03-21,0.05737329,0.05697329,0.01328673,0.0131305,5
2023-03-22,-0.04536305,-0.04576305,-0.0219726,-0.01704635,5
2023-03-23,-0.01771608,-0.01811608,-0.00330274,0.00270341,5
2023-03-24,0.01202257,0.01162257,0.00785711,0.00656191,5
2023-03-27,0.01344951,0.01304951,0.00682196,0.00186992,5
2023-03-28,0.00387271,0.00347271,0.00213408,-0.00224477,5
2023-03-29,0.02697263,0.02657263,0.01513192,0.01453489,5
2023-03-30,-0.00427582,-0.00467582,0.00483811,0.00585534,5
2023-03-31,0.01245297,0.01205297,0.01505139,0.01409472,5
2023-04-03,-0.00682071,-0.00722071,0.00060198,0.00381033,5
2023-04-04,-0.02369175,-0.02409175,-0.01036083,-0.00554803,5
2023-04-05,-0.0113672,-0.0117672,-0.00240899,-0.00261822,5
2023-04-06,0.01008458,0.00968458,0.00073013,0.00390093,5
2023-04-10,0.01419656,0.01379656,0.00642382,0.00102644,5
2023-04-11,0.00873448,0.00833448,0.00653096,0.00026842,5
2023-04-12,-0.01417653,-0.01457653,-0.00504335,-0.00407584,5
2023-04-13,0.02244025,0.02204025,0.0081169,0.01328254,5
2023-04-14,-0.01011293,-0.01051293,-0.00405682,-0.00244264,5
2023-04-17,0.02737651,0.02697651,0.00711509,0.00358817,5
2023-04-18,-0.0066157,-0.0070157,0.00058924,0.00065227,5
2023-04-19,0.00764643,0.00724643,0.0001175,-0.00016903,5
2023-04-20,-0.02570602,-0.02610602,-0.00539041,-0.00545708,5
2023-04-21,-0.00617552,-0.00657552,-0.00019002,0.00077696,5
2023-04-24,-0.00783625,-0.00823625,0.00193335,0.00104324,5
2023-04-25,-0.032393,-0.032793,-0.01715839,-0.01587399,5
2023-04-26,-0.03117887,-0.03157887,-0.01002461,-0.00423545,5
2023-04-27,0.02378731,0.02338731,0.01669641,0.01990792,5
2023-04-28,0.01860749,0.01820749,0.01122051,0.00853509,5
2023-05-01,-0.01447366,-0.01487366,-0.00058198,-0.00100965,5
2023-05-02,-0.04184804,-0.04224804,-0.01458224,-0.01123928,5
2023-05-03,-0.01103646,-0.01143646,-0.0060995,-0.0068639,5
2023-05-04,-0.02289827,-0.02329827,-0.0094064,-0.00708301,5
2023-05-05,0.05778244,0.05738244,0.01753518,0.01851269,5
2023-05-08,0.00344618,0.00304618,-0.00151046,0.00026661,5
2023-05-09,-0.00379879,-0.00419879,-0.00404312,-0.0043855,5
2023-05-10,-0.00925829,-0.00965829,-0.00039679,0.00467245,5
2023-05-11,-0.01495374,-0.01535374,-0.0050482,-0.00174411,5
2023-05-12,0.01029381,0.00989381,0.00028501,-0.00131011,5
2023-05-15,0.03094764,0.03054764,0.006182,0.00345007,5
2023-05-16,-0.03090747,-0.03130747,-0.01450515,-0.00668272,5
2023-05-17,0.04322974,0.04282974,0.0136135,0.01213894,5
2023-05-18,0.0091675,0.0087675,0.00774062,0.00963327,5
2023-05-19,-0.01740859,-0.01780859,-0.00319585,-0.00145515,5
2023-05-22,0.0259068,0.0255068,0.00230392,0.00040619,5
2023-05-23,-0.00163496,-0.00203496,-0.01070169,-0.01122292,5
2023-05-24,-0.01796111,-0.01836111,-0.01149476,-0.00724485,5
2023-05-25,0.00134347,0.00094347,-0.00047976,0.0086601,5
2023-05-26,0.01989253,0.01949253,0.00822158,0.01295051,5
2023-05-30,0.00050894,0.00010894,-0.00191324,0.00038099,5
2023-05-31,-0.02524733,-0.02564733,-0.00897214,-0.00554519,5
2023-06-01,0.01391407,0.01351407,0.00787001,0.00950104,5
2023-06-02,0.03209155,0.03169155,0.02222318,0.01446114,5
2023-06-05,-0.00610195,-0.00650195,-0.00356633,-0.00191636,5
2023-06-06,0.02865169,0.02825169,0.00710969,0.00217754,5
2023-06-07,0.00831081,0.00791081,0.00808011,-0.0034578,5
2023-06-08,0.00130276,0.00090276,0.00047237,0.0060487,5
2023-06-09,-0.00711869,-0.00751869,-0.00163839,0.00179434,5
2023-06-12,0.01568509,0.01528509,0.00655936,0.0090718,5
2023-06-13,0.01371158,0.01331158,0.00982378,0.00659296,5
2023-06-14,-0.00098992,-0.00138992,-0.00209154,0.00119086,5
2023-06-15,0.00097218,0.00057218,0.01180611,0.01239751,5
2023-06-16,-0.0137909,-0.0141909,-0.00123357,-0.00340589,5
2023-06-20,-0.01379934,-0.01419934,-0.00888121,-0.00518836,5
2023-06-21,-0.00569796,-0.00609796,-0.0008834,-0.00512376,5
2023-06-22,-0.0160895,-0.0164895,-0.00414277,0.00360971,5
2023-06-23,-0.01334188,-0.01374188,-0.00839809,-0.00755993,5
2023-06-26,0.00698205,0.00658205,0.00584124,-0.00408589,5
2023-06-27,0.0300506,0.0296506,0.01255185,0.01096331,5
2023-06-28,0.00615531,0.00575531,-0.00193658,0.00050431,5
2023-06-29,-0.00050606,-0.00090606,0.00783592,0.00394142,5
2023-06-30,0.01790889,0.01750889,0.00940969,0.01180077,5
2023-07-03,0.02076114,0.02036114,0.00312661,0.00115059,5
2023-07-05,-0.01385303,-0.01425303,-0.00473567,-0.0014871,5
2023-07-06,-0.01694474,-0.01734474,-0.00828864,-0.00783072,5
2023-07-07,0.01225533,0.01185533,0.00232048,-0.00252481,5
2023-07-10,0.0183508,0.0179508,0.00847285,0.0025312,5
2023-07-11,0.02320515,0.02280515,0.0107245,0.00636847,5
2023-07-12,0.00692582,0.00652582,0.0046898,0.00804583,5
2023-07-13,0.00576211,0.00536211,0.00508165,0.00793694,5
2023-07-14,-0.02085046,-0.02125046,-0.00578096,-0.00062267,5
2023-07-17,0.01665009,0.01625009,0.00202358,0.003472,5
2023-07-18,0.00692621,0.00652621,0.00586276,0.00743072,5
2023-07-19,0.01915647,0.01875647,0.00518407,0.00222365,5
2023-07-20,-0.00752974,-0.00792974,-0.00058825,-0.00663443,5
2023-07-21,-0.00308625,-0.00348625,0.00204044,0.0,5
2023-07-24,0.00249139,0.00209139,0.00224907,0.00446741,5
2023-07-25,-0.00683197,-0.00723197,0.00084209,0.00272986,5
2023-07-26,0.00946532,0.00906532,0.00184361,0.00015371,5
2023-07-27,-0.01152093,-0.01192093,-0.00865957,-0.00662984,5
2023-07-28,0.01904349,0.01864349,0.00520131,0.00979026,5
2023-07-31,0.00914724,0.00874724,0.00293041,0.00190393,5
2023-08-01,-0.00999833,-0.01039833,-0.00342704,-0.00286151,5
2023-08-02,-0.03742957,-0.03782957,-0.00942788,-0.0139108,5
2023-08-03,-0.00118458,-0.00158458,-0.0049489,-0.0028658,5
2023-08-04,0.00319108,0.00279108,-0.0048313,-0.00452267,5
2023-08-07,0.00267927,0.00227927,0.00861018,0.00872842,5
2023-08-08,-0.00351539,-0.00391539,-0.00494236,-0.00434866,5
2023-08-09,-0.00763825,-0.00803825,-0.00236899,-0.00668538,5
2023-08-10,-0.00087461,-0.00127461,-0.00128016,0.00035895,5
2023-08-11,-0.00390283,-0.00430283,0.00012092,-0.00058295,5
2023-08-14,0.011966,0.011566,0.00022509,0.00552004,5
2023-08-15,-0.01427396,-0.01467396,-0.0133471,-0.01164883,5
2023-08-16,-0.0191283,-0.0195283,-0.0068706,-0.00733816,5
2023-08-17,-0.01048604,-0.01088604,-0.00772431,-0.00761994,5
2023-08-18,0.00210607,0.00170607,0.00124891,0.0004813,5
2023-08-21,0.0079531,0.0075531,7.527e-05,0.00650616,5
2023-08-22,-0.00183505,-0.00223505,-0.00353002,-0.00270856,5
2023-08-23,0.00968464,0.00928464,0.00863166,0.01113788,5
2023-08-24,-0.02262616,-0.02302616,-0.00985244,-0.01385914,5
2023-08-25,0.00065345,0.00025345,0.00521452,0.00704973,5
2023-08-28,0.00888984,0.00848984,0.00717313,0.00634138,5
2023-08-29,0.02537838,0.02497838,0.01142483,0.01445483,5
2023-08-30,0.01186933,0.01146933,0.00290562,0.00411873,5
2023-08-31,-0.00448839,-0.00488839,-0.00367293,-0.00146329,5
2023-09-01,0.00341943,0.00301943,0.00329612,0.00186517,5
2023-09-05,-0.00758679,-0.00798679,-0.0119947,-0.00432184,5
2023-09-06,-0.00422677,-0.00462677,-0.003378,-0.00672265,5
2023-09-07,-0.02018482,-0.02058482,-0.00430867,-0.00307002,5
2023-09-08,-0.00200434,-0.00240434,0.00033879,0.00150598,5
2023-09-11,0.00083449,0.00043449,0.00192095,0.00657658,5
2023-09-12,-0.00403034,-0.00443034,-0.00152928,-0.00548564,5
2023-09-13,-0.00753072,-0.00793072,-0.00367158,0.00116597,5
2023-09-14,0.00946919,0.00906919,0.01164895,0.00862248,5
2023-09-15,-0.016545,-0.016945,-0.008237,-0.01204804,5
2023-09-18,-0.01656619,-0.01696619,-0.00205213,0.00058629,5
2023-09-19,0.00141836,0.00101836,-0.00177739,-0.00207383,5
2023-09-20,-0.01028702,-0.01068702,-0.0040299,-0.00919341,5
2023-09-21,-0.02324997,-0.02364997,-0.01677536,-0.01652836,5
2023-09-22,-0.01654898,-0.01694898,-0.00408706,-0.00224857,5
2023-09-25,-0.00321748,-0.00361748,0.00238025,0.00420521,5
2023-09-26,-0.01037501,-0.01077501,-0.01430368,-0.01469133,5
2023-09-27,0.00648283,0.00608283,0.0004211,0.00039913,5
2023-09-28,0.0152536,0.0148536,0.00710921,0.00579755,5
2023-09-29,0.00237763,0.00197763,-0.00257737,-0.00242694,5
2023-10-02,-0.01276255,-0.01316255,-0.01110152,-0.00039771,5
2023-10-03,-0.02911779,-0.02951779,-0.01219041,-0.0133861,5
2023-10-04,0.00519345,0.00479345,0.00656118,0.00728206,5
2023-10-05,-0.01636056,-0.01676056,-0.00325659,-0.00037679,5
2023-10-06,0.00799223,0.00759223,0.00839887,0.01187278,5
2023-10-09,-0.00113829,-0.00153829,0.00715331,0.00640212,5
2023-10-10,0.02845623,0.02805623,0.00804501,0.00520499,5
2023-10-11,-0.00524489,-0.00564489,0.00192421,0.00409618,5
2023-10-12,-0.0245034,-0.0249034,-0.01367505,-0.00609639,5
2023-10-13,-0.00541791,-0.00581791,-0.00196235,-0.0049808,5
2023-10-16,0.02435963,0.02395963,0.01274463,0.01052135,5
2023-10-17,0.02266977,0.02226977,0.0052474,-4.59e-05,5
2023-10-18,-0.01998763,-0.02038763,-0.01614471,-0.01332509,5
2023-10-19,-0.01520167,-0.01560167,-0.01188728,-0.00878638,5
2023-10-20,-0.04441576,-0.04481576,-0.0124804,-0.01228805,5
2023-10-23,0.00288732,0.00248732,-0.00608467,-0.00173323,5
2023-10-24,0.00833267,0.00793267,0.00673514,0.00753939,5
2023-10-25,-0.01913867,-0.01953867,-0.01168915,-0.01435227,5
2023-10-26,-0.00260492,-0.00300492,-0.0016096,-0.01197446,5
2023-10-27,-0.02105592,-0.02145592,-0.01201828,-0.00453281,5
2023-10-30,-0.00878711,-0.00918711,0.00779865,0.01195572,5
2023-10-31,0.00584791,0.00544791,0.00904865,0.00628032,5
2023-11-01,-0.00125308,-0.00165308,0.00332921,0.01066477,5
2023-11-02,0.03036048,0.02996048,0.02219844,0.01916427,5
2023-11-03,0.03299834,0.03259834,0.01696056,0.00912353,5
2023-11-06,-0.01891814,-0.01931814,-0.0053201,0.00230027,5
2023-11-07,0.01133594,0.01093594,-0.00150729,0.00284612,5
2023-11-08,-0.01647988,-0.01687988,-0.00157633,0.00073234,5
2023-11-09,-0.02454794,-0.02494794,-0.00893515,-0.00779854,5
2023-11-10,0.01927726,0.01887726,0.0119031,0.01560457,5
2023-11-13,-0.00210209,-0.00250209,-0.001767,-0.00095304,5
2023-11-14,0.07145999,0.07105999,0.02975403,0.01940056,5
2023-11-15,0.03056111,0.03016111,0.00507189,0.00211716,5
2023-11-16,-0.01966781,-0.02006781,-0.00315048,0.00122309,5
2023-11-17,0.01560202,0.01520202,0.00457644,0.00124382,5
2023-11-20,0.01966119,0.01926119,0.00447839,0.0076977,5
2023-11-21,-0.01665686,-0.01705686,-0.00175377,-0.00217942,5
2023-11-22,0.00807748,0.00767748,0.00485594,0.00386076,5
2023-11-24,0.00248587,0.00208587,0.0032084,0.00061533,5
2023-11-27,-0.00995258,-0.01035258,-0.0026447,-0.00180076,5
2023-11-28,0.01069993,0.01029993,-0.00053815,0.00098993,5
2023-11-29,0.01751927,0.01711927,0.00382489,-0.00070336,5
2023-11-30,-0.00210846,-0.00250846,0.00815205,0.00393743,5
2023-12-01,0.05637746,0.05597746,0.01567209,0.00591593,5
2023-12-04,0.01676012,0.01636012,0.00037649,-0.00524941,5
2023-12-05,-0.02117977,-0.02157977,-0.00885961,-0.00019699,5
2023-12-06,0.00499939,0.00459939,0.00085725,-0.00402991,5
2023-12-07,0.00822578,0.00782578,0.00513541,0.00763043,5
2023-12-08,0.01014921,0.00974921,0.00296255,0.00429904,5
2023-12-11,0.00638392,0.00598392,0.00895641,0.00388967,5
2023-12-12,-0.01604144,-0.01644144,0.0018154,0.00456721,5
2023-12-13,0.05011241,0.04971241,0.02148682,0.01379013,5
2023-12-14,0.06564784,0.06524784,0.01346965,0.00320937,5
2023-12-15,-0.0051568,-0.0055568,-0.00651767,-0.00164646,5
2023-12-18,-0.01241566,-0.01281566,0.0010285,0.00562509,5
2023-12-19,0.03567573,0.03527573,0.00836747,0.00608081,5
2023-12-20,-0.03655125,-0.03695125,-0.01688454,-0.0138572,5
2023-12-21,0.02617954,0.02577954,0.01219741,0.00948188,5
2023-12-22,-0.00016565,-0.00056565,0.00308371,0.00200966,5
2023-12-26,0.00845745,0.00805745,0.00584276,0.00422254,5
2023-12-27,0.00201825,0.00161825,0.00137992,0.0018081,5
2023-12-28,0.00356042,0.00316042,0.00162752,0.00037765,5
2023-12-29,-0.01566455,-0.01606455,-0.00344976,-0.00289492,5
2024-01-02,0.0047389,0.0043389,-0.00027835,-0.00559638,5
2024-01-03,-0.04289216,-0.04329216,-0.01415113,-0.00816661,5
2024-01-04,-0.00414874,-0.00454874,-0.00121506,-0.00322101,5
2024-01-05,0.00459278,0.00419278,0.00262031,0.0013696,5
2024-01-08,0.01472801,0.01432801,0.01097821,0.01427598,5
2024-01-09,-0.0084213,-0.0088213,-0.00526266,-0.00151719,5
2024-01-10,-0.002531,-0.002931,0.00187281,0.00565553,5
2024-01-11,-0.0180822,-0.0184822,-0.00301309,-0.00044067,5
2024-01-12,-0.02239516,-0.02279516,-0.00163472,0.00069265,5
2024-01-16,-0.01290264,-0.01330264,-0.00648997,-0.00367118,5
2024-01-17,-0.01533752,-0.01573752,-0.0079348,-0.00555856,5
2024-01-18,0.01301169,0.01261169,0.00564657,0.00889274,5
2024-01-19,0.00378879,0.00338879,0.00810114,0.01246608,5
2024-01-22,0.0091694,0.0087694,0.00492231,0.00211445,5
2024-01-23,0.01079539,0.01039539,0.00065363,0.00291635,5
2024-01-24,-0.00233875,-0.00273875,-0.00566978,0.0010932,5
2024-01-25,0.01150982,0.01110982,0.00973132,0.00543897,5
2024-01-26,-0.00575721,-0.00615721,0.0002538,-0.00127046,5
2024-01-29,0.01900912,0.01860912,0.00644731,0.00791944,5
2024-01-30,-0.01103734,-0.01143734,0.00042882,-0.00077362,5
2024-01-31,-0.01102968,-0.01142968,-0.01289871,-0.01631713,5
2024-02-01,0.00953664,0.00913664,0.01218059,0.01308798,5
2024-02-02,-0.00453401,-0.00493401,-0.00112299,0.01052743,5
2024-02-05,-0.02563652,-0.02603652,-0.00916667,-0.0036412,5
2024-02-06,0.01325882,0.01285882,0.00612242,0.00290338,5
2024-02-07,0.00978665,0.00938665,0.00387314,0.00834037,5
2024-02-08,-0.00680564,-0.00720564,0.00212109,0.00044169,5
2024-02-09,0.01568417,0.01528417,0.00191365,0.00577946,5
2024-02-12,0.02450429,0.02410429,0.00661347,-0.00043889,5
2024-02-13,-0.03252453,-0.03292453,-0.01698849,-0.01377311,5
2024-02-14,0.01723992,0.01683992,0.00975244,0.00908767,5
2024-02-15,0.01609934,0.01569934,0.01178275,0.00689973,5
2024-02-16,-0.0120169,-0.0124169,-0.00452381,-0.00497997,5
2024-02-20,-0.01708058,-0.01748058,-0.00315852,-0.00550551,5
2024-02-21,-0.00266673,-0.00306673,0.00307535,0.00090595,5
2024-02-22,0.00945491,0.00905491,0.00994634,0.02069543,5
2024-02-23,-0.00295998,-0.00335998,0.00251894,0.00068978,5
2024-02-26,-0.00419112,-0.00459112,-0.00476816,-0.00366258,5
2024-02-27,0.01333311,0.01293311,0.00462933,0.00185769,5
2024-02-28,-0.00161888,-0.00201888,0.00041908,-0.00132158,5
2024-02-29,0.01641937,0.01601937,0.00581078,0.00359497,5
2024-03-01,0.00904834,0.00864834,0.0054209,0.00938827,5
2024-03-04,-0.01735852,-0.01775852,0.00235928,-0.00107252,5
2024-03-05,-0.01690831,-0.01730831,-0.00523825,-0.00999407,5
2024-03-06,0.01282298,0.01242298,0.00639217,0.00506719,5
2024-03-07,0.02108942,0.02068942,0.00786189,0.00992651,5
2024-03-08,0.00294933,0.00254933,-0.00102637,-0.00600221,5
2024-03-11,0.01757727,0.01717727,0.00229729,-0.00085986,5
2024-03-12,-0.00605727,-0.00645727,0.00228246,0.01075741,5
2024-03-13,-0.01280744,-0.01320744,0.00028185,-0.00156747,5
2024-03-14,-0.03116019,-0.03156019,-0.00941517,-0.00197688,5
2024-03-15,-0.00436647,-0.00476647,-0.0015573,-0.00686658,5
2024-03-18,0.01310125,0.01270125,0.00304014,0.00594316,5
2024-03-19,-0.00649823,-0.00689823,0.00570408,0.00555709,5
2024-03-20,0.0187712,0.0183712,0.0086746,0.0092494,5
2024-03-21,0.00943902,0.00903902,0.00724261,0.00330461,5
2024-03-22,-0.00189286,-0.00229286,-0.00630497,-0.00189593,5
2024-03-25,0.00870467,0.00830467,-0.00228703,-0.00276259,5
2024-03-26,-0.00408316,-0.00448316,-0.00143213,-0.00184721,5
2024-03-27,0.02226452,0.02186452,0.0163503,0.00840399,5
2024-03-28,-0.00198818,-0.00238818,0.00426936,-0.00019116,5
2024-04-01,-0.00095916,-0.00135916,-0.00602395,-0.00173987,5
2024-04-02,-0.02183329,-0.02223329,-0.00942721,-0.0063579,5
2024-04-03,0.01769936,0.01729936,0.00112031,0.00109835,5
2024-04-04,-0.02730287,-0.02770287,-0.01072924,-0.01220597,5
2024-04-05,-0.00354819,-0.00394819,0.00666174,0.01044667,5
2024-04-08,0.0096336,0.0092336,0.0026952,0.00055931,5
2024-04-09,0.0097307,0.0093307,0.00438487,0.00115697,5
2024-04-10,-0.01938752,-0.01978752,-0.01686193,-0.01001323,5
2024-04-11,0.0183876,0.0179876,-0.00099095,0.00754705,5
2024-04-12,-0.02922262,-0.02962262,-0.01554009,-0.01380321,5
2024-04-15,-0.0211551,-0.0215551,-0.00894766,-0.01252804,5
2024-04-16,0.00429995,0.00389995,-0.00511746,-0.00182385,5
2024-04-17,-0.0006306,-0.0010306,-0.0022312,-0.00591824,5
2024-04-18,-0.00970784,-0.01010784,-0.00070544,-0.00205771,5
2024-04-19,-0.01777656,-0.01817656,0.00285777,-0.00872846,5
2024-04-22,0.00983201,0.00943201,0.00791382,0.00920913,5
2024-04-23,0.03782068,0.03742068,0.00905091,0.0118667,5
2024-04-24,0.00465434,0.00425434,0.00159716,-0.00047471,5
2024-04-25,0.00494449,0.00454449,-0.00281,-0.00379871,5
2024-04-26,0.01694798,0.01654798,0.00155751,0.00947389,5
2024-04-29,0.02600287,0.02560287,0.00718523,0.00354143,5
2024-04-30,-0.02691042,-0.02731042,-0.01480175,-0.01584129,5
2024-05-01,-0.00889431,-0.00929431,-0.00302748,-0.00324721,5
2024-05-02,0.02521206,0.02481206,0.00609058,0.00935351,5
2024-05-03,0.01394716,0.01354716,0.00703286,0.01239533,5
2024-05-06,0.02222523,0.02182523,0.00807343,0.0103268,5
2024-05-07,-0.00560792,-0.00600792,0.00304738,0.00110348,5
2024-05-08,-0.00120638,-0.00160638,-0.00075893,9.66e-05,5
2024-05-09,0.00105802,0.00065802,0.00861927,0.00576199,5
2024-05-10,-0.00627091,-0.00667091,0.00184729,0.00128805,5
2024-05-13,-0.00016629,-0.00056629,-0.00041994,0.00013419,5
2024-05-14,0.01700469,0.01660469,0.00441941,0.00458822,5
2024-05-15,0.01865056,0.01825056,0.00816494,0.01238307,5
2024-05-16,-0.00823218,-0.00863218,-0.00155365,-0.00205764,5
2024-05-17,-0.00297067,-0.00337067,0.00128673,0.00143754,5
2024-05-20,0.00340316,0.00300316,-0.00084786,0.00115241,5
2024-05-21,0.00151517,0.00111517,-0.00078357,0.00245247,5
2024-05-22,0.01650265,0.01610265,-0.00342148,-0.00287928,5
2024-05-23,-0.02393612,-0.02433612,-0.01441149,-0.0073044,5
2024-05-24,0.02970313,0.02930313,0.00675561,0.00661651,5
2024-05-28,-0.00434039,-0.00474039,-0.0074855,0.00069887,5
2024-05-29,-0.02265364,-0.02305364,-0.0118265,-0.00700263,5
2024-05-30,0.01178826,0.01138826,0.00450565,-0.00663388,5
2024-05-31,-0.00751824,-0.00791824,0.01367079,0.00910815,5
2024-06-03,-0.00065904,-0.00105904,-0.00481037,0.00081548,5
2024-06-04,-0.01239574,-0.01279574,-0.0027777,0.00111801,5
2024-06-05,0.0243567,0.0239567,0.00621009,0.01188482,5
2024-06-06,-0.01331387,-0.01371387,-0.00195198,-1.852e-05,5
2024-06-07,-0.01323212,-0.01363212,-0.0032383,-0.00121562,5
2024-06-10,0.01868166,0.01828166,0.00244343,0.00308954,5
2024-06-11,0.00219581,0.00179581,-0.00371733,0.00240846,5
2024-06-12,0.00761713,0.00721713,0.00542753,0.00821311,5
2024-06-13,-0.00611626,-0.00651626,-0.00268858,0.00201339,5
2024-06-14,-0.01938211,-0.01978211,-0.00633282,0.00060839,5
2024-06-17,-0.00896201,-0.00936201,0.00689641,0.00795894,5
2024-06-18,0.00893919,0.00853919,0.00228436,0.00254072,5
2024-06-20,0.00310775,0.00270775,0.00119828,-0.00271667,5
2024-06-21,-0.00281104,-0.00321104,0.00180267,-0.00134061,5
2024-06-24,9.604e-05,-0.00030396,0.00502074,-0.00325063,5
2024-06-25,-0.00256075,-0.00296075,-0.00705671,0.00385087,5
2024-06-26,-0.01436619,-0.01476619,-0.00349223,0.00124827,5
2024-06-27,-0.00051518,-0.00091518,0.00139543,0.00157623,5
2024-06-28,-0.01862968,-0.01902968,0.00074026,-0.00393507,5
2024-07-01,-0.00460842,-0.00500842,-0.00784413,0.00205825,5
2024-07-02,0.00840804,0.00800804,0.00422184,0.00672966,5
2024-07-03,0.02922227,0.02882227,0.00091344,0.00446275,5
2024-07-05,-0.00685612,-0.00725612,-0.00070065,0.00576637,5
2024-07-08,0.01168908,0.01128908,0.00201882,0.00115387,5
2024-07-09,-0.00414239,-0.00454239,-0.00180219,0.0009724,5
2024-07-10,0.01925254,0.01885254,0.00903004,0.00989528,5
2024-07-11,-0.00118808,-0.00158808,0.01200901,-0.00862268,5
2024-07-12,0.011362,0.010962,0.00814527,0.00630774,5
2024-07-15,-0.02205354,-0.02245354,0.00083477,0.00274995,5
2024-07-16,0.00879874,0.00839874,0.01754382,0.00593012,5
2024-07-17,-0.04819518,-0.04859518,-0.00383935,-0.01402102,5
2024-07-18,-0.00904597,-0.00944597,-0.00876113,-0.00768487,5
2024-07-19,-0.0107193,-0.0111193,-0.00670115,-0.00664053,5
2024-07-22,0.01367357,0.01327357,0.00870405,0.01030985,5
2024-07-23,-0.00300813,-0.00340813,-0.00334452,-0.00156862,5
2024-07-24,-0.04359091,-0.04399091,-0.01209979,-0.02266253,5
2024-07-25,-0.01525576,-0.01565576,0.00055841,-0.00521031,5
2024-07-26,0.02144415,0.02104415,0.01457038,0.01119967,5
2024-07-29,0.00281146,0.00241146,0.0016236,0.00058769,5
2024-07-30,-0.03224381,-0.03264381,0.00402185,-0.00506644,5
2024-07-31,0.05773899,0.05733899,0.00579785,0.01625462,5
2024-08-01,-0.04587619,-0.04627619,-0.01101441,-0.01416087,5
2024-08-02,-0.03386376,-0.03426376,-0.01809179,-0.01861849,5
2024-08-05,-0.01139999,-0.01179999,-0.02413092,-0.02912352,5
2024-08-06,0.01847435,0.01807435,0.01101486,0.0092193,5
2024-08-07,-0.02121057,-0.02161057,-0.00794684,-0.00668387,5
2024-08-08,0.05105408,0.05065408,0.01977129,0.02311724,5
2024-08-09,-0.00096697,-0.00136697,0.00197827,0.00440981,5
2024-08-12,-0.00227362,-0.00267362,-0.00472539,0.00052541,5
2024-08-13,0.03128755,0.03088755,0.01219422,0.01644538,5
2024-08-14,-0.00838854,-0.00878854,0.00197875,0.00315513,5
2024-08-15,0.04634767,0.04594767,0.01433191,0.01714016,5
2024-08-16,0.00034323,-5.677e-05,0.00244003,0.00224177,5
2024-08-19,0.02060805,0.02020805,0.00796074,0.00956154,5
2024-08-20,-0.01291751,-0.01331751,-0.00425829,-0.00162606,5
2024-08-21,0.01630213,0.01590213,0.00768405,0.00343668,5
2024-08-22,-0.03084852,-0.03124852,-0.0032813,-0.00784851,5
2024-08-23,0.02972398,0.02932398,0.01308475,0.01062505,5
2024-08-26,-0.02215902,-0.02255902,-0.00079484,-0.0023837,5
2024-08-27,0.00245941,0.00205941,0.00021873,0.00137329,5
2024-08-28,-0.02417515,-0.02457515,-0.00327472,-0.00580541,5
2024-08-29,-0.00261433,-0.00301433,0.00356978,8.942e-05,5
2024-08-30,0.01468952,0.01428952,0.00826034,0.00954596,5
2024-09-03,-0.0555768,-0.0559768,-0.0138998,-0.02057881,5
2024-09-04,-0.0073148,-0.0077148,-0.00093695,-0.00204694,5
2024-09-05,0.00166484,0.00126484,-0.00604591,-0.00243218,5
2024-09-06,-0.0374671,-0.0378671,-0.01187918,-0.01682998,5
2024-09-09,0.01255234,0.01215234,0.01015099,0.01119602,5
2024-09-10,0.00801514,0.00761514,0.00020674,0.0043558,5
2024-09-11,0.05199897,0.05159897,0.00212606,0.01025885,5
2024-09-12,0.00243023,0.00203023,0.00560154,0.00842324,5
2024-09-13,0.02077565,0.02037565,0.01005014,0.00522278,5
2024-09-16,0.00546196,0.00506196,0.00674532,0.00147682,5
2024-09-17,0.00921107,0.00881107,0.00210348,0.00040862,5
2024-09-18,-0.00584428,-0.00624428,-0.00183408,-0.00296571,5
2024-09-19,0.01386393,0.01346393,0.01149585,0.01706438,5
2024-09-20,-0.00902808,-0.00942808,-0.00375586,-0.0017286,5
2024-09-23,0.01355299,0.01315299,0.00511061,0.0024989,5
2024-09-24,0.00755011,0.00715011,0.00178998,0.00286138,5
2024-09-25,1.031e-05,-0.00038969,-0.00636147,-0.00220568,5
2024-09-26,0.01292566,0.01252566,0.00877172,0.0039648,5
2024-09-27,0.0094218,0.0090218,0.003517,-0.0014504,5
2024-09-30,-0.00767357,-0.00807357,0.0016053,0.00400731,5
2024-10-01,-0.01420818,-0.01460818,-0.00527801,-0.0089586,5
2024-10-02,-0.00366281,-0.00406281,-0.00128594,0.00042218,5
2024-10-03,0.00426785,0.00386785,-0.00467905,-0.00182807,5
2024-10-04,0.01452888,0.01412888,0.00725012,0.00908731,5
2024-10-07,0.00092853,0.00052853,-0.00823961,-0.00904048,5
2024-10-08,-0.00321703,-0.00361703,0.00302174,0.00945766,5
2024-10-09,0.0063037,0.0059037,0.00713119,0.00692637,5
2024-10-10,-0.00994436,-0.01034436,-0.0040153,-0.00175014,5
2024-10-11,0.00772591,0.00732591,0.00991781,0.00598813,5
2024-10-14,0.00461222,0.00421222,0.00687394,0.00817856,5
2024-10-15,-0.02026502,-0.02066502,-0.00405573,-0.00776982,5
2024-10-16,0.01449451,0.01409451,0.00644641,0.00434641,5
2024-10-17,-0.01273872,-0.01313872,-0.00184961,8.59e-05,5
2024-10-18,0.0012989,0.0008989,0.00314276,0.00384644,5
2024-10-21,-0.00705756,-0.00745756,-0.00860606,-0.00164217,5
2024-10-22,-0.00305977,-0.00345977,-0.00409313,-0.00053107,5
2024-10-23,-0.02011086,-0.02051086,-0.00335312,-0.00913737,5
2024-10-24,0.02420589,0.02380589,0.00038517,0.00216269,5
2024-10-25,0.00894626,0.00854626,-0.00458926,-0.00034551,5
2024-10-28,0.01037984,0.00997984,0.00541722,0.00309154,5
2024-10-29,0.00035876,-4.124e-05,-0.00332172,0.00161838,5
2024-10-30,-0.02657072,-0.02697072,-0.00179738,-0.00302521,5
2024-10-31,-0.01935542,-0.01975542,-0.01109885,-0.01960309,5
2024-11-01,0.00260551,0.00220551,0.00061185,0.00422048,5
2024-11-04,0.00121909,0.00081909,0.00128325,-0.002154,5
2024-11-05,0.01789227,0.01749227,0.01171634,0.01209192,5
2024-11-06,-0.0097821,-0.0101821,0.02148979,0.02486538,5
2024-11-07,0.01811254,0.01771254,0.0015,0.00773227,5
2024-11-08,-0.01067859,-0.01107859,0.00495505,0.00433171,5
2024-11-11,-0.0165122,-0.0169122,0.00420189,0.00095289,5
2024-11-12,-0.02828134,-0.02868134,-0.00767071,-0.00310644,5
2024-11-13,-0.01484117,-0.01524117,0.00028698,0.00048587,5
2024-11-14,-0.01551302,-0.01591302,-0.00754525,-0.0064301,5
2024-11-15,-0.01355855,-0.01395855,-0.00770368,-0.01280885,5
2024-11-18,0.02301228,0.02261228,0.00458812,0.00409752,5
2024-11-19,0.01397565,0.01357565,-0.00255892,0.00365547,5
2024-11-20,-0.0057516,-0.0061516,0.00294375,0.00033872,5
2024-11-21,0.03350617,0.03310617,0.01303773,0.00536835,5
2024-11-22,0.02286462,0.02246462,0.00795555,0.0030995,5
2024-11-25,0.02945702,0.02905702,0.01005815,0.00339221,5
2024-11-26,-0.01807293,-0.01847293,-0.00042031,0.00522128,5
2024-11-27,0.00272948,0.00232948,-0.00051476,-0.00303009,5
2024-11-29,0.0061504,0.0057504,0.00285211,0.00621215,5
2024-12-02,0.02590655,0.02550655,-0.00185843,0.00179233,5
2024-12-03,-0.00158378,-0.00198378,-0.00445182,0.00046384,5
2024-12-04,-0.00682042,-0.00722042,-0.00061154,0.00620951,5
2024-12-05,-0.00743615,-0.00783615,-0.0051381,-0.00164564,5
2024-12-06,0.01797748,0.01757748,-0.00099423,0.00189569,5
2024-12-09,0.00480075,0.00440075,-0.00306283,-0.00514957,5
2024-12-10,-0.02530093,-0.02570093,-0.00657888,-0.00310909,5
2024-12-11,0.00340521,0.00300521,0.00019786,0.00773043,5
2024-12-12,-0.00418461,-0.00458461,-0.00351388,-0.00515233,5
2024-12-13,-0.00587167,-0.00627167,-0.003825,-0.00019872,5
2024-12-16,-0.00250585,-0.00290585,-0.00411129,0.00426995,5
2024-12-17,-0.01838835,-0.01878835,-0.00705321,-0.00412009,5
2024-12-18,-0.04525191,-0.04565191,-0.02889512,-0.02980336,5
2024-12-19,-0.01403541,-0.01443541,-0.00429966,-0.00030715,5
2024-12-20,0.02114619,0.02074619,0.01389112,0.01201101,5
2024-12-23,0.01343451,0.01303451,0.00199604,0.00598831,5
2024-12-24,0.01878859,0.01838859,0.00786046,0.01111499,5
2024-12-26,0.00085479,0.00045479,0.00096594,6.649e-05,5
2024-12-27,-0.01596607,-0.01636607,-0.00713165,-0.01052638,5
2024-12-30,-0.02284057,-0.02324057,-0.00993268,-0.01141169,5
2024-12-31,-0.00267132,-0.00307132,0.00162321,-0.00363792,5
2025-01-02,0.01412157,0.01372157,-0.00283609,-0.00245702,5
2025-01-03,0.0318028,0.0314028,0.00935629,0.0125033,5
2025-01-06,0.01677453,0.01637453,-0.00038347,0.00576072,5
2025-01-07,-0.0056977,-0.0060977,-0.00331527,-0.01130415,5
2025-01-08,-0.02080522,-0.02120522,0.00154357,0.00146101,5
2025-01-10,-0.00662779,-0.00702779,-0.01587251,-0.01526753,5
2025-01-13,-0.01857039,-0.01897039,0.00843346,0.00155069,5
2025-01-14,0.00395468,0.00355468,0.0077915,0.00137584,5
2025-01-15,0.02105445,0.02065445,0.00970305,0.01818992,5
2025-01-16,-0.00251258,-0.00291258,0.00788225,-0.0019231,5
2025-01-17,0.01493659,0.01453659,0.00506814,0.0100399,5
2025-01-21,0.02207153,0.02167153,0.01219503,0.00915358,5
2025-01-22,0.00423296,0.00383296,-0.00397473,0.00562143,5
2025-01-23,0.01102422,0.01062422,0.00520093,0.00545806,5
2025-01-24,-0.0047476,-0.0051476,-0.00073624,-0.00291926,5
2025-01-27,-0.06124249,-0.06164249,0.00177896,-0.01414536,5
2025-01-28,0.01016607,0.00976607,-0.0046044,0.00859242,5
2025-01-29,-0.00407997,-0.00447997,-0.0033507,-0.00448307,5
2025-01-30,0.03044998,0.03004998,0.01047088,0.00536708,5
2025-01-31,-0.01057506,-0.01097506,-0.00722357,-0.00532181,5
2025-02-03,-0.02336145,-0.02376145,-0.00633336,-0.00672955,5
2025-02-04,0.00468884,0.00428884,0.00139464,0.00670837,5
2025-02-05,0.02096464,0.02056464,0.00461467,0.00405432,5
2025-02-06,0.00741328,0.00701328,-0.00095294,0.00347573,5
2025-02-07,-0.00399164,-0.00439164,-0.00515443,-0.00915351,5
2025-02-10,0.02138023,0.02098023,0.00325018,0.00679122,5
2025-02-11,-0.01785724,-0.01825724,1.41e-05,0.00076034,5
2025-02-12,-0.00600439,-0.00640439,-0.00549901,-0.00322128,5
2025-02-13,0.01409554,0.01369554,0.00846923,0.0105575,5
2025-02-14,0.01000019,0.00960019,-0.00076447,-4.928e-05,5
2025-02-18,0.03264236,0.03224236,0.00745107,0.0029358,5
2025-02-19,-0.00176884,-0.00216884,0.00217945,0.00235502,5
2025-02-20,-0.01646815,-0.01686815,-0.00265415,-0.00416035,5
2025-02-21,-0.02459721,-0.02499721,-0.01372165,-0.01710411,5
2025-02-24,-0.02174383,-0.02214383,0.00083694,-0.00455041,5
2025-02-25,-0.01572811,-0.01612811,0.00151738,-0.00497329,5
2025-02-26,0.02485011,0.02445011,-0.00179418,0.0005049,5
2025-02-27,-0.04983754,-0.05023754,-0.00926741,-0.01596191,5
2025-02-28,0.00885345,0.00845345,0.01130126,0.0156056,5
2025-03-03,-0.04989122,-0.05029122,-0.01126011,-0.01751987,5
2025-03-04,0.00591378,0.00551378,-0.01599041,-0.01183687,5
2025-03-05,0.02275457,0.02235457,0.01055573,0.01074773,5
2025-03-06,-0.04558322,-0.04598322,-0.0110127,-0.01775126,5
2025-03-07,0.01039268,0.00999268,0.00923288,0.00560489,5
2025-03-10,-0.04103328,-0.04143328,-0.0150145,-0.02663541,5
2025-03-11,0.01018068,0.00978068,-0.0127891,-0.008313,5
2025-03-12,0.02298986,0.02258986,-0.00385679,0.0053066,5
2025-03-13,-0.01498664,-0.01538664,-0.01072451,-0.01333033,5
2025-03-14,0.03944674,0.03904674,0.02019205,0.02065556,5
2025-03-17,0.01628953,0.01588953,0.01357841,0.00771134,5
2025-03-18,-0.01869345,-0.01909345,-0.00587136,-0.01080838,5
2025-03-19,0.02550669,0.02510669,0.00773056,0.01089085,5
2025-03-20,-0.00748661,-0.00788661,-0.00397644,-0.0028917,5
2025-03-21,0.00516781,0.00476781,-0.00462734,0.00032989,5
2025-03-24,0.03251373,0.03211373,0.01572587,0.01790849,5
2025-03-25,-0.00566606,-0.00606606,-0.00260687,0.00240371,5
2025-03-26,-0.03711987,-0.03751987,-0.00177452,-0.01193823,5
2025-03-27,-0.0179964,-0.0183964,-0.00266972,-0.00265563,5
2025-03-28,-0.02828777,-0.02868777,-0.01529257,-0.02013832,5
2025-03-31,-0.01172604,-0.01212604,0.00771626,0.0067128,5
2025-04-01,0.00439215,0.00399215,0.00121421,0.00282455,5
2025-04-02,0.02668255,0.02628255,0.00921618,0.00632819,5
2025-04-03,-0.09917837,-0.09957837,-0.04874869,-0.04928059,5
2025-04-04,-0.05957664,-0.05997664,-0.05641795,-0.0585431,5
2025-04-07,0.0189652,0.0185652,-0.00719471,-0.00178113,5
2025-04-08,-0.03035402,-0.03075402,-0.01973642,-0.01566281,5
2025-04-09,0.13049103,0.13009103,0.08301411,0.10501938,5
2025-04-10,-0.05389017,-0.05429017,-0.03384345,-0.04381918,5
2025-04-11,0.01501997,0.01461997,0.01553693,0.01784278,5
2025-04-14,0.01212206,0.01172206,0.01258502,0.00970151,5
2025-04-15,-0.00276055,-0.00316055,-0.00315849,-0.00280079,5
2025-04-16,-0.01804883,-0.01844883,-0.01381284,-0.02222796,5
2025-04-17,0.01088633,0.01048633,0.00780859,0.00142672,5
2025-04-21,-0.01898773,-0.01938773,-0.02047708,-0.02380265,5
2025-04-22,0.02805122,0.02765122,0.02546903,0.0260177,5
2025-04-23,0.01389091,0.01349091,0.01024131,0.01549536,5
2025-04-24,0.02677329,0.02637329,0.01754949,0.02104903,5
2025-04-25,-0.00034697,-0.00074697,-0.00139594,0.0072252,5
2025-04-28,0.00410597,0.00370597,0.00310831,0.00038127,5
2025-04-29,0.00236318,0.00196318,0.00555421,0.0062995,5
2025-04-30,-0.00811942,-0.00851942,0.00173431,0.00039694,5
2025-05-01,0.00433662,0.00393662,-0.00141574,0.00708676,5
2025-05-02,0.02837361,0.02797361,0.01771429,0.01484425,5
2025-05-05,-0.01572336,-0.01612336,-0.00406853,-0.00573411,5
2025-05-06,-0.01566873,-0.01606873,-0.00707274,-0.00835865,5
2025-05-07,0.00091514,0.00051514,0.00636802,0.00420564,5
2025-05-08,0.02750993,0.02710993,0.00886836,0.00696776,5
2025-05-09,0.00657984,0.00617984,3.119e-05,-0.00127411,5
2025-05-12,0.04803514,0.04763514,0.0287848,0.03304743,5
2025-05-13,0.03608443,0.03568443,0.00171969,0.00660386,5
2025-05-14,0.00489738,0.00449738,-0.00631404,0.00127808,5
2025-05-15,-0.00851936,-0.00891936,0.00941355,0.00488429,5
2025-05-16,0.01795689,0.01755689,0.01014611,0.00633404,5
2025-05-19,-0.00618448,-0.00658448,0.00022222,0.00109392,5
2025-05-20,0.00329061,0.00289061,-0.00314116,-0.00336215,5
2025-05-21,-0.03987207,-0.04027207,-0.02182691,-0.01685077,5
2025-05-22,-0.00917488,-0.00957488,-0.00321254,0.0003946,5
2025-05-23,-0.0016187,-0.0020187,-0.00392344,-0.00682585,5
2025-05-27,0.01386237,0.01346237,0.01814846,0.02079068,5
2025-05-28,-0.01005425,-0.01045425,-0.00898119,-0.00578545,5
2025-05-29,0.00790291,0.00750291,0.00351199,0.00394755,5
2025-05-30,0.00385907,0.00345907,-0.00019544,-0.00111872,5
2025-06-02,0.00346062,0.00306062,1.148e-05,0.00563303,5
2025-06-03,0.02543311,0.02503311,0.00828535,0.00570256,5
2025-06-04,-6.82e-06,-0.00040682,-0.00231429,-0.00026841,5
2025-06-05,-0.01928101,-0.01968101,-0.00249366,-0.00483286,5
2025-06-06,0.022803,0.022403,0.0088546,0.01026893,5
2025-06-09,0.01717673,0.01677673,0.00055443,0.00090144,5
2025-06-10,0.01311952,0.01271952,0.00589791,0.00566961,5
2025-06-11,0.00285965,0.00245965,-0.00340302,-0.00285198,5
2025-06-12,-0.00825788,-0.00865788,0.0024243,0.00397428,5
2025-06-13,-0.00531617,-0.00571617,-0.01252293,-0.01118006,5
2025-06-16,0.01933632,0.01893632,0.0094112,0.00951414,5
2025-06-17,-0.04479913,-0.04519913,-0.01046665,-0.00854486,5
2025-06-18,0.01625621,0.01585621,0.00039621,-0.00015092,5
2025-06-20,-0.00056515,-0.00096515,0.00185332,-0.00234847,5
2025-06-23,0.00424943,0.00384943,0.0086082,0.00987749,5
2025-06-24,0.03717638,0.03677638,0.00977586,0.01104719,5
2025-06-25,0.00023697,-0.00016303,-0.00734198,0.00056028,5
2025-06-26,0.02875196,0.02835196,0.00775294,0.00782391,5
2025-06-27,-0.0103406,-0.0107406,0.00407744,0.00496822,5
2025-06-30,0.0043868,0.0039868,0.00483778,0.00478128,5
2025-07-01,-0.00116237,-0.00156237,0.01172229,-0.00032361,5
2025-07-02,0.0246196,0.0242196,0.00238651,0.00453337,5
2025-07-03,0.01595319,0.01555319,0.00510439,0.0078813,5
2025-07-07,-0.01667068,-0.01707068,-0.00864944,-0.00745207,5
2025-07-08,0.01350811,0.01310811,0.00271545,-0.00054764,5
2025-07-09,0.02599158,0.02559158,0.00317102,0.00599666,5
2025-07-10,0.00727867,0.00687867,0.00569739,0.00282026,5
2025-07-11,-0.01421727,-0.01461727,-0.00754982,-0.00351531,5
2025-07-14,0.00237462,0.00197462,0.00093065,0.00190808,5
2025-07-15,-0.00411777,-0.00451777,-0.01387915,-0.00427321,5
2025-07-16,0.00399822,0.00359822,0.00409121,0.00334317,5
2025-07-17,0.00853027,0.00813027,0.00739916,0.00611964,5
2025-07-18,-0.00626094,-0.00666094,1.826e-05,-0.00073233,5
2025-07-21,-0.00607716,-0.00647716,-0.00335437,0.00189614,5
2025-07-22,0.0229542,0.0225542,0.01309269,0.0001432,5
2025-07-23,0.00932206,0.00892206,0.00776559,0.00850738,5
2025-07-24,-0.02054693,-0.02094693,-0.00355912,0.00033103,5
2025-07-25,0.0116281,0.0112281,0.00510006,0.00422444,5
2025-07-28,-0.00984149,-0.01024149,-0.00578245,-0.00025107,5
2025-07-29,-0.01762915,-0.01802915,-0.00097525,-0.00263756,5
2025-07-30,-0.00310022,-0.00350022,-0.00666108,-0.00125937,5
2025-07-31,-0.02530109,-0.02570109,-0.00958492,-0.00375126,5
2025-08-01,-0.02764206,-0.02804206,-0.01051367,-0.01639042,5
2025-08-04,0.0008368,0.0004368,0.01211627,0.01519986,5
2025-08-05,-0.00099129,-0.00139129,-0.00308298,-0.00507002,5
2025-08-06,-0.02781949,-0.02821949,-0.00221542,0.00765966,5
2025-08-07,0.01501995,0.01461995,-0.00056972,-0.00083764,5
2025-08-08,-0.0002308,-0.0006308,0.00162079,0.00779755,5
2025-08-11,-0.0047716,-0.0051716,-0.00329082,-0.0019774,5
2025-08-12,0.02770534,0.02730534,0.013738,0.01064598,5
2025-08-13,0.05343397,0.05303397,0.01459733,0.00342323,5
2025-08-14,-0.01395216,-0.01435216,-0.00618249,9.292e-05,5
2025-08-15,0.00721542,0.00681542,-0.00194278,-0.0023412,5
2025-08-18,0.0092741,0.0088741,-0.00047528,-0.00021771,5
2025-08-19,-0.0191144,-0.0195144,0.00519295,-0.0054251,5
2025-08-20,-0.00192018,-0.00232018,-0.00051327,-0.00265708,5
2025-08-21,0.00206017,0.00166017,-0.00339418,-0.00401171,5
2025-08-22,0.03214472,0.03174472,0.01958176,0.01535673,5
2025-08-25,-0.01318773,-0.01358773,-0.00803217,-0.00440102,5
2025-08-26,0.00497104,0.00457104,0.0005926,0.00418697,5
2025-08-27,0.00241178,0.00201178,0.00360892,0.00227855,5
2025-08-28,0.0065094,0.0061094,-0.00067975,0.00354132,5
2025-08-29,-0.01383223,-0.01423223,-0.00070439,-0.00596364,5
2025-09-02,-0.01044184,-0.01084184,-0.00727559,-0.00741025,5
2025-09-03,0.0043199,0.0039199,-0.00171632,0.00541955,5
2025-09-04,0.00471131,0.00431131,0.00696838,0.00835732,5
2025-09-05,0.00707189,0.00667189,0.00120302,-0.00289619,5
2025-09-08,0.0009039,0.0005039,-0.0004242,0.00245658,5
2025-09-09,0.00027733,-0.00012267,-0.00299184,0.00231188,5
2025-09-10,0.00812895,0.00772895,-0.00217512,0.00289081,5
2025-09-11,0.0184873,0.0180873,0.01565725,0.00831029,5
2025-09-12,-0.00226156,-0.00266156,-0.00778593,-0.00033463,5
2025-09-15,0.01029606,0.00989606,-0.00241414,0.00532396,5
2025-09-16,-0.00180057,-0.00220057,-0.00217979,-0.00137698,5
2025-09-17,-0.00127608,-0.00167608,0.00126451,-0.00124236,5
2025-09-18,0.0173202,0.0169202,0.00624317,0.0046725,5
2025-09-19,0.00783741,0.00743741,-0.00221223,0.00495287,5
2025-09-22,0.0121388,0.0117388,0.0004388,0.00473096,5
2025-09-23,-0.00383554,-0.00423554,0.00105442,-0.00544338,5
2025-09-24,0.00049858,9.858e-05,-0.00201725,-0.00318176,5
2025-09-25,-0.01235189,-0.01275189,-0.00875245,-0.00461337,5
2025-09-26,0.00580826,0.00540826,0.01001637,0.00572903,5
2025-09-29,0.00677821,0.00637821,0.00308437,0.00281045,5
2025-09-30,0.00147528,0.00107528,0.00291451,0.00376683,5
2025-10-01,0.01690136,0.01650136,0.00170496,0.00340757,5
2025-10-02,0.00796504,0.00756504,0.00243959,0.00115173,5
2025-10-03,0.00510984,0.00470984,0.0036811,-1.481e-05,5
2025-10-06,0.00321599,0.00281599,-0.00062057,0.00358627,5
2025-10-07,-0.00635076,-0.00675076,-0.00451157,-0.00370751,5
2025-10-08,0.01227939,0.01187939,0.00304,0.00596306,5
2025-10-09,-0.00155805,-0.00195805,-0.00821703,-0.00289697,5
2025-10-10,-0.04793265,-0.04833265,-0.02219403,-0.02702786,5
2025-10-13,0.02633981,0.02593981,0.01025379,0.01534412,5
2025-10-14,-0.01607135,-0.01647135,0.00890997,-0.00122165,5
2025-10-15,0.02422502,0.02382502,0.0013094,0.00443953,5
2025-10-16,-0.00388139,-0.00428139,-0.00924621,-0.00681013,5
2025-10-17,-0.00697665,-0.00737665,0.00505914,0.00567621,5
2025-10-20,0.01154501,0.01114501,0.00987034,0.0104005,5
2025-10-21,-0.00861025,-0.00901025,0.00500591,-1.494e-05,5
2025-10-22,-0.01485464,-0.01525464,-0.00491864,-0.00519892,5
2025-10-23,0.02349815,0.02309815,0.00465226,0.00592996,5
2025-10-24,0.03772902,0.03732902,0.0023338,0.00817255,5
2025-10-27,0.00757881,0.00717881,0.00478228,0.01179766,5
2025-10-28,-0.00981503,-0.01021503,-0.00928798,0.00265602,5
2025-10-29,0.02289918,0.02249918,-0.01220924,0.00048037,5
2025-10-30,-0.01640098,-0.01680098,-0.00365452,-0.01099819,5
2025-10-31,0.01190669,0.01150669,0.00222404,0.00328022,5
2025-11-03,-0.01133598,-0.01173598,-0.00335745,0.00187674,5
2025-11-04,-0.04005694,-0.04045694,-0.0058636,-0.01185355,5
2025-11-05,0.0142812,0.0138812,0.00540088,0.00346548,5
2025-11-06,-0.02832621,-0.02872621,-0.00741493,-0.01072945,5
2025-11-07,0.01875068,0.01835068,0.00961043,0.00098457,5
2025-11-10,0.00924447,0.00884447,0.00464564,0.01560437,5
2025-11-11,-0.00710775,-0.00750775,0.00632077,0.00228918,5
2025-11-12,0.00509007,0.00469007,0.00253233,0.00055639,5
2025-11-13,-0.03466574,-0.03506574,-0.0112541,-0.016594,5
2025-11-14,0.00159941,0.00119941,-0.0031035,-0.00016355,5
2025-11-17,-0.02117545,-0.02157545,-0.01364302,-0.00931662,5
2025-11-18,-0.0090722,-0.0094722,9.665e-05,-0.00839746,5
2025-11-19,0.00239229,0.00199229,-0.00295512,0.00386318,5
2025-11-20,-0.04631652,-0.04671652,-0.01100074,-0.01524223,5
2025-11-21,0.01287593,0.01247593,0.0200855,0.00996114,5
2025-11-24,0.0300881,0.0296881,0.00351716,0.01471861,5
2025-11-25,0.00544899,0.00504899,0.01493123,0.00940584,5
2025-11-26,0.0240785,0.0236785,0.00643738,0.00690358,5
2025-11-28,0.01436957,0.01396957,0.0052326,0.00545843,5
2025-12-01,-0.01402596,-0.01442596,-0.00654948,-0.00456547,5
2025-12-02,0.00951057,0.00911057,-0.00067487,0.00185228,5
2025-12-03,0.00702127,0.00662127,0.00762789,0.00346275,5
2025-12-04,0.02139085,0.02099085,0.00075588,0.00073114,5
2025-12-05,0.01826745,0.01786745,0.00184923,0.00189939,5
2025-12-08,0.01235094,0.01195094,-0.00613231,-0.00300421,5
2025-12-09,0.00385718,0.00345718,-0.0022363,-0.00086312,5
2025-12-10,0.03103726,0.03063726,0.01346287,0.00663224,5
2025-12-11,-0.00678702,-0.00718702,0.00874266,0.00232695,5
2025-12-12,-0.03951237,-0.03991237,-0.00561091,-0.01075208,5
2025-12-15,-0.01229148,-0.01269148,0.00085336,-0.00151081,5
2025-12-16,0.00817977,0.00777977,-0.00677051,-0.00273229,5
2025-12-17,-0.03724004,-0.03764004,-0.00242955,-0.01100359,5
2025-12-18,0.02898274,0.02858274,0.00180171,0.00755126,5
2025-12-19,0.0325544,0.0321544,0.00316895,0.00906351,5
2025-12-22,0.00666829,0.00626829,0.00768401,0.0062298,5
2025-12-23,-0.00174876,-0.00214876,-0.00237546,0.00457049,5
2025-12-24,0.00796755,0.00756755,0.0038314,0.00351767,5
2025-12-26,-0.00481455,-0.00521455,0.00013452,-0.00010141,5
2025-12-29,-0.00559446,-0.00599446,-0.00187687,-0.00356365,5
2025-12-30,-0.00637844,-0.00677844,-0.0016474,-0.00122121,5
2025-12-31,-0.01504709,-0.01544709,-0.00858972,-0.00740885,5
2026-01-02,0.04394876,0.04354876,0.00730737,0.00183299,5
2026-01-05,0.00955207,0.00915207,0.00927571,0.00666021,5
2026-01-06,0.05325245,0.05285245,0.01212111,0.00594716,5
2026-01-07,-0.02632121,-0.02672121,-0.0115166,-0.00322341,5
2026-01-08,-0.02488331,-0.02528331,0.00911473,-0.00010153,5
2026-01-09,0.03947406,0.03907406,0.00584803,0.00661338,5
2026-01-12,0.01277937,0.01237937,0.00072662,0.00157043,5
2026-01-13,0.02105785,0.02065785,9.527e-05,-0.00199951,5
2026-01-14,-0.00484994,-0.00524994,0.00390271,-0.00491525,5
2026-01-15,0.01217729,0.01177729,0.00467225,0.0027233,5
2026-01-16,-0.00168525,-0.00208525,-0.00305222,-0.00083791,5
2026-01-20,-0.00290499,-0.00330499,-0.01524037,-0.0203568,5
2026-01-21,0.04289622,0.04249622,0.01619403,0.01154111,5
2026-01-22,0.00065159,0.00025159,0.00206517,0.00522326,5
2026-01-23,-0.02363657,-0.02403657,-0.00424053,0.00036274,5
2026-01-26,-0.00475477,-0.00515477,0.00259968,0.00507823,5
2026-01-27,0.01400614,0.01360614,-0.00181756,0.00398417,5
2026-01-28,0.03682064,0.03642064,-0.00353402,-0.00010066,5
2026-01-29,0.00059693,0.00019693,0.00086887,-0.00198438,5
2026-01-30,-0.04321291,-0.04361291,-0.00249523,-0.00298248,5
2026-02-02,0.01961748,0.01921748,0.0045461,0.00497122,5
2026-02-03,0.00373728,0.00333728,-0.00425902,-0.00845539,5
2026-02-04,-0.04643918,-0.04683918,0.00953743,-0.00484385,5
2026-02-05,-0.03364999,-0.03404999,-0.00992463,-0.01248928,5
2026-02-06,0.05356696,0.05316696,0.01890702,0.01918479,5
2026-02-09,0.02054946,0.02014946,0.00103066,0.00482173,5
2026-02-10,-0.01004057,-0.01044057,0.00383212,-0.00263706,5
2026-02-11,-0.00383588,-0.00423588,0.00020659,-0.00023112,5
2026-02-12,-0.02359855,-0.02399855,-0.01483068,-0.01544886,5
2026-02-13,0.02435257,0.02395257,0.01129701,0.0007045,5
2026-02-17,-0.00890412,-0.00930412,-0.00212146,0.00161348,5
2026-02-18,0.02314876,0.02274876,0.00657013,0.00503771,5
2026-02-19,-0.0069219,-0.0073219,-0.00301282,-0.00263734,5
2026-02-20,0.00335173,0.00295173,0.00461215,0.00723185,5
2026-02-23,-0.03315432,-0.03355432,-0.01303558,-0.01021137,5
2026-02-24,0.01601341,0.01561341,0.00856478,0.00726848,5
2026-02-25,0.02409169,0.02369169,0.0015131,0.00843831,5
2026-02-26,0.02254789,0.02214789,0.00798527,-0.00555445,5
2026-02-27,-0.01188003,-0.01228003,0.00081792,-0.00480194,5
2026-03-02,-0.00924423,-0.00964423,-0.00186332,0.00056852,5
2026-03-03,-0.01833109,-0.01873109,-0.0104862,-0.00881425,5
2026-03-04,0.03523568,0.03483568,0.00436127,0.00705536,5
2026-03-05,-0.00355356,-0.00395356,-0.00894368,-0.00557567,5
2026-03-06,-0.03436688,-0.03476688,-0.0124992,-0.01310713,5
2026-03-09,0.03338759,0.03298759,0.00244493,0.00875996,5
2026-03-10,-0.00315401,-0.00355401,-0.00898788,-0.00160702,5
2026-03-11,0.00288078,0.00248078,-0.00407992,-0.00125513,5
2026-03-12,-0.03441171,-0.03481171,-0.01643014,-0.01518497,5
2026-03-13,0.00912228,0.00872228,-3.831e-05,-0.00566014,5
2026-03-16,0.02228177,0.02188177,0.00718638,0.01017687,5
2026-03-17,0.02392259,0.02352259,0.00543558,0.00263054,5
2026-03-18,-0.0110952,-0.0114952,-0.01367486,-0.01395364,5
2026-03-19,0.00313392,0.00273392,-0.00085204,-0.00246438,5
2026-03-20,-0.02704948,-0.02744948,-0.01403732,-0.0143357,5
2026-03-23,0.0169383,0.0165383,0.01119855,0.01049999,5
2026-03-24,0.00457746,0.00417746,0.00084715,-0.00335681,5
2026-03-25,0.01575152,0.01535152,0.00475854,0.00557269,5
2026-03-26,-0.04180712,-0.04220712,-0.00918342,-0.01785873,5
2026-03-27,-0.01592082,-0.01632082,-0.01347565,-0.01705189,5
2026-03-30,-0.03462596,-0.03502596,-0.00205331,-0.00334339,5
2026-03-31,0.05399942,0.05359942,0.02143731,0.02906787,5
2026-04-01,0.02688727,0.02648727,0.00318798,0.00753449,5
2026-04-02,0.00997609,0.00957609,0.00294634,0.00090046,5
2026-04-06,0.00163811,0.00123811,0.00445877,0.00472685,5
2026-04-07,0.00346833,0.00306833,-0.00279734,0.00044,5
2026-04-08,0.06672634,0.06632634,0.02396175,0.02546964,5
2026-04-09,0.00423987,0.00383987,0.00017375,0.00576902,5
2026-04-10,0.00710514,0.00670514,-0.00785076,-0.00066178,5
2026-04-13,0.03009708,0.02969708,0.01214292,0.00977245,5
2026-04-14,0.00707296,0.00667296,0.0042219,0.01218488,5
2026-04-15,0.02630767,0.02590767,0.00074403,0.00789097,5
2026-04-16,0.01430147,0.01390147,0.00479744,0.00245735,5
2026-04-17,0.00331867,0.00291867,0.01231441,0.01208569,5
2026-04-20,0.01283366,0.01243366,0.00272392,-0.00199974,5
2026-04-21,-0.0024011,-0.0028011,-0.00629719,-0.00654689,5
2026-04-22,0.00770706,0.00730706,-0.00025416,0.01012671,5
2026-04-23,-0.01974818,-0.02014818,-0.0009393,-0.00388074,5
2026-04-24,0.00700499,0.00660499,-0.00210861,0.00774931,5
2026-04-27,0.00046215,6.215e-05,-0.0019026,0.00172279,5
2026-04-28,-0.01667605,-0.01707605,-0.00405141,-0.00486599,5
2026-04-29,-0.00167391,-0.00207391,-0.00290685,-0.00015451,5
2026-04-30,0.02466339,0.02426339,0.01450684,0.00994963,5
2026-05-01,0.02037801,0.01997801,-0.00296918,0.0027691,5
2026-05-04,0.00855869,0.00815869,-0.0063968,-0.00366339,5
2026-05-05,0.01607698,0.01567698,0.00691233,0.00802223,5
2026-05-06,0.0391649,0.0387649,0.00783803,0.0138994,5
2026-05-07,-0.01724394,-0.01764394,-0.00511509,-0.00306608,5
2026-05-08,0.02831023,0.02791023,0.00059249,0.0082561,5
2026-05-11,0.0185295,0.0181295,-0.00258119,0.00227756,5
2026-05-12,-0.02611251,-0.02651251,0.0001602,-0.00151495,5
2026-05-13,-0.01292072,-0.01332072,-0.00572684,0.00559484,5
2026-05-14,0.00743914,0.00703914,0.00411924,0.00789431,5
2026-05-15,-0.02251542,-0.02291542,-0.00968563,-0.01202934,5
2026-05-18,-0.0042054,-0.0046054,0.00811358,-0.00070351,5
2026-05-19,-0.00857669,-0.00897669,-0.00553694,-0.00666079,5
2026-05-20,0.02756034,0.02716034,0.01125582,0.01024899,5
2026-05-21,0.01942018,0.01902018,0.00341829,0.00198309,5
2026-05-22,0.01236393,0.01196393,0.00847833,0.00393155,5
2026-05-25,0.0,-0.0004,0.0,0.0,5
2026-05-26,0.03265382,0.03240382,,0.00663864,4
2026-05-27,-0.00787745,-0.00821078,,-0.00017324,3
2026-05-28,0.01405685,0.01355685,,0.00551658,2
2026-05-29,0.0472437,0.0462437,,0.0024914,1
2026-06-24,-0.01148187,-0.01248187,0.00707261,-0.00046352,1
2026-06-25,0.03392772,0.03342772,0.00569156,0.00144564,2
2026-06-26,-0.05017722,-0.05051055,0.00552247,-0.00723137,3
2026-06-29,0.02743972,0.02718972,0.00121435,0.01647486,4
2026-06-30,0.02415961,0.02375961,-0.00112329,0.0077868,5
2026-07-01,-0.03550042,-0.03590042,0.00385089,-0.0013525,5
2026-07-02,-0.05374359,-0.05414359,0.00819912,-0.00131407,5
2026-07-06,0.02142414,0.02102414,0.00031762,0.00872741,5
2026-07-07,-0.03872363,-0.03912363,-0.00052726,-0.0047519,5
2026-07-08,0.01123073,0.01083073,-0.0108389,-0.00308943,5
2026-07-09,0.03249563,0.03209563,0.0063271,0.00846525,5
2026-07-10,-0.00631215,-0.00671215,0.00371075,0.00431016,5
2026-07-13,-0.04098715,-0.04138715,-0.00014705,-0.00765617,5
2026-07-14,0.01924951,0.01884951,-0.00377436,0.00355064,5
2026-07-15,-0.02453575,-0.02493575,-0.00150151,0.00396364,5
2026-07-16,-0.04398267,-0.04438267,0.00996855,-0.00541862,5
2026-07-17,-0.01235907,-0.01275907,-0.0076263,-0.00989716,5
2026-07-20,0.00027217,-0.00012783,-0.00476875,-0.00161438,5
2026-07-21,0.05722614,0.05682614,0.00244915,0.00834131,5
2026-07-22,-0.00581748,-0.00621748,-9.987e-05,-0.00116274,5
2026-07-23,-0.00286359,-0.00326359,-0.00399037,-0.01234929,5
2026-07-24,-0.0415378,-0.0419378,0.00784574,0.00101601,5
2026-07-27,-0.00768642,-0.00808642,0.00778881,0.00021658,5
2026-07-28,-0.04094268,-0.04134268,0.01067992,0.00239478,5
2026-07-29,-0.04280677,-0.04320677,-0.00891002,-0.01538747,5
2026-07-30,0.08046429,0.08006429,4.355e-05,0.0167658,5
2026-07-31,0.00369625,0.00329625,-0.00117891,0.00719981,5
2026-08-03,0.03292974,0.03252974,0.01047472,0.01424301,5
2026-08-04,0.06999685,0.06959685,0.01471126,0.018029,5
2026-08-05,-0.01568767,-0.01608767,-0.00216,-0.0019966,5
2026-08-06,-0.01160867,-0.01200867,-0.00496042,-0.00159781,5
2026-08-07,0.02057231,0.02017231,0.00708801,0.00611535,5
2026-08-10,-0.01171418,-0.01211418,0.00017864,-0.00029742,5
2026-08-11,0.00618102,0.00578102,0.00200734,-0.00319526,5
2026-08-12,0.02635444,0.02595444,0.0020998,0.00250466,5
2026-08-13,0.01653452,0.01613452,0.0075959,0.00697746,5
2026-08-14,0.00533146,0.00493146,0.00086358,-0.00197971,5
2026-08-17,0.0087013,0.0083013,-0.00891555,-0.00472737,5
2026-08-18,-0.04374882,-0.04414882,-0.00437537,-0.00675576,5
2026-08-19,-0.00950213,-0.00990213,0.00908573,0.00209784,5
2026-08-20,-0.00522098,-0.00562098,-0.00694125,-0.00839989,5
2026-08-21,0.00230141,0.00190141,0.00592586,0.00409126,5
2026-08-24,-0.02885219,-0.02925219,0.00092645,-0.00293841,5
2026-08-25,0.01994557,0.01954557,-0.00082331,0.00319594,5
2026-08-26,0.01408627,0.01368627,0.00208877,0.00022202,5
2026-08-27,0.007923,0.007523,-0.00300574,0.00655279,5
2026-08-28,-0.03066742,-0.03106742,-0.00333288,-0.00226949,5
2026-08-31,0.00168945,0.00128945,-0.00631189,-0.00298952,5
2026-09-01,-0.02244208,-0.02284208,-0.00809805,-0.00687042,5
2026-09-02,-0.00087989,-0.00127989,0.00455252,0.0044369,5
2026-09-03,0.01837055,0.01797055,0.00713314,0.01046841,5
2026-09-04,0.0140601,0.0136601,-0.00402835,-0.00385424,5
2026-09-07,0.0,-0.0004,0.0,0.0,5
2026-09-08,0.01928403,0.01903403,,-0.00549213,4
2026-09-09,-0.00351939,-0.00385272,,-0.00464776,3
2026-09-10,-0.02168863,-0.02218863,,-0.00599424,2
2026-09-11,0.01803068,0.01703068,,0.01012098,1
