Date,SNDK,SMCI,DELL,COHR,LITE,STX,TER,PCG,MRVL,WDC,AXON,CRWD,DDOG,PANW,EIX,FRT,WBD,BRK-B,AES,TECH
2025-10-06,,54.619999,143.925949,,,241.407074,147.584122,15.832881,,125.046707,721.590027,123.987503,157.360001,212.580002,51.937725,94.684853,19.08,500.019989,13.593314,61.571213
2025-10-07,,55.07,148.971649,,,223.691483,139.86908,15.990815,,119.706665,714.599976,121.154999,154.520004,211.039993,51.666351,93.591667,18.6,502.299988,13.717149,58.85659
2025-10-08,,58.68,162.459778,,,223.03537,144.320465,16.504097,,120.954346,727.409973,127.487503,164.119995,217.789993,51.454647,93.543724,17.889999,499.839996,14.0315,60.218876
2025-10-09,,57.98,153.987747,,,220.400879,144.909317,16.030298,,119.477097,734.039978,127.282501,164.070007,215.169998,51.069721,93.169746,17.67,496.73999,13.879087,59.562599
2025-10-10,,52.860001,148.67543,,,213.123779,131.824661,15.655204,,115.20507,703.030029,123.415001,158.740005,208.550003,50.155529,91.654633,17.1,489.130005,13.402797,58.329578
2025-10-13,,54.75,151.469818,,,218.223709,138.861038,15.763784,,118.638664,710.0,127.152496,164.199997,213.279999,51.627861,92.977951,17.780001,491.929993,13.755252,59.313999
2025-10-14,,53.110001,146.898087,,,210.389893,136.7052,16.188231,,112.919327,704.669983,122.235001,160.880005,207.559998,53.956646,93.342346,17.98,495.970001,13.707623,58.936146
2025-10-15,,53.939999,151.766037,,,218.094467,140.757355,16.464617,,120.215721,644.98999,122.254997,160.020004,206.699997,54.601395,94.186211,18.450001,496.390015,14.050551,59.244396
2025-10-16,,53.84,149.406113,,,224.705505,139.030716,16.28694,,125.685509,652.169983,120.557503,151.169998,205.509995,54.58215,94.004013,18.290001,488.809998,14.117231,61.253021
2025-10-17,,52.18,147.707748,,,224.079193,137.892899,16.207973,,125.964996,670.679993,121.162498,152.869995,207.889999,54.52441,94.87664,18.190001,492.420013,13.888614,61.511555
2025-10-20,,55.040001,146.009399,,,213.143631,138.920898,16.464617,,121.303688,683.130005,125.902496,156.294998,211.820007,55.477097,95.461594,18.32,494.079987,13.717149,62.187725
2025-10-21,,54.82,148.0755,,,213.312653,143.052917,16.533712,,121.183922,707.039978,125.987503,156.25,214.399994,56.160336,96.142433,20.33,491.290009,13.640942,63.102539
2025-10-22,,52.5,148.76915,,,213.789841,138.571594,16.365906,,120.245674,701.090027,125.027496,154.210007,212.419998,55.890888,96.852036,20.530001,491.809998,13.612364,63.430683
2025-10-23,,47.919998,152.831985,,,225.083298,144.759598,16.089521,,125.485893,716.390015,130.494995,156.589996,215.020004,55.11142,96.641068,21.25,490.160004,13.526632,65.687897
2025-10-24,,48.290001,157.202011,,,232.748093,144.001083,16.188231,,129.18898,735.950012,131.830002,156.470001,217.110001,55.631069,97.139717,21.15,492.100006,13.860036,65.538734
2025-10-27,,51.57,160.719833,,,228.970367,147.214828,16.217844,,126.434113,749.0,132.425003,157.619995,220.289993,54.764988,96.842438,21.040001,488.070007,13.802881,63.888084
2025-10-28,,52.360001,163.385468,,,221.693253,144.100891,15.911849,,124.687386,755.0,136.735001,157.270004,221.380005,53.937401,93.975235,20.99,481.440002,13.774302,63.579834
2025-10-29,,52.689999,162.117065,,,264.063538,173.603745,15.556496,,141.116745,759.440002,136.375,156.0,217.160004,53.302277,91.549141,21.34,475.76001,13.688571,61.670654
2025-10-30,,50.369999,159.550537,,,266.767548,176.538055,15.694687,,137.872772,738.880005,134.669998,157.070007,218.270004,53.542854,90.973785,21.620001,478.519989,13.355169,60.616623
2025-10-31,,51.959999,160.541473,,,254.3806,181.4086,15.753913,,149.930298,732.22998,135.752502,162.809998,220.240005,53.292656,92.239571,22.450001,477.540009,13.38025,62.217552
2025-11-03,,50.75,158.658691,,,263.993927,182.71608,15.704558,,157.725769,724.099976,137.979996,162.080002,219.229996,52.339973,91.750519,22.290001,475.679993,13.139077,60.914932
2025-11-04,,47.400002,153.238281,,,248.912811,175.310425,15.95133,,151.896606,706.130005,133.479996,157.509995,214.520004,53.600594,92.114914,22.6,487.660004,12.965433,60.755833
2025-11-05,,42.029999,151.028503,,,274.154022,187.227341,16.05991,,159.80188,639.530029,133.535004,154.979996,213.179993,54.639881,92.249168,22.76,488.769989,13.717892,59.602364
2025-11-06,,40.34,147.827759,,,276.838196,184.662308,16.119135,,163.295364,587.140015,133.130005,190.820007,211.369995,54.428181,91.942307,22.42,493.149994,13.688951,57.852283
2025-11-07,,39.759998,145.370239,,,277.713043,181.927612,16.296812,,162.656555,602.51001,134.952499,191.240005,212.289993,54.890087,93.342346,22.67,499.059998,13.63107,57.086617
2025-11-10,,40.189999,141.396606,,,292.267242,183.724152,16.346165,,173.895569,584.690002,139.382507,199.720001,216.539993,55.17878,92.805336,22.98,496.980011,13.708244,57.136337
2025-11-11,,38.82,137.502228,,,286.312378,176.88736,16.375778,,169.673447,572.179993,139.182495,197.860001,218.270004,55.688801,94.991707,23.049999,497.070007,13.766128,58.846649
2025-11-12,,37.91,139.434555,,,281.600128,178.923431,16.592936,,165.800674,569.51001,136.464996,190.889999,210.039993,56.545258,93.639618,22.190001,502.399994,13.573188,61.054146
2025-11-13,,35.09,132.725906,,,261.021423,169.262146,16.435003,,156.867355,557.289978,132.445007,185.970001,204.770004,56.853199,93.620438,22.139999,513.109985,13.187312,60.40781
2025-11-14,,36.419998,132.547531,,,256.69693,169.641403,16.277071,,157.536118,554.369995,134.387497,185.009995,205.25,56.497139,93.045082,23.030001,508.940002,13.332016,59.045525
2025-11-17,,34.099998,121.369797,,,259.848389,167.116302,16.119135,,162.147476,543.22998,132.445007,180.259995,202.899994,55.582947,92.057381,22.74,503.26001,13.428485,58.358482
2025-11-18,,34.900002,121.577881,,,252.372437,163.403488,15.941459,,152.575348,533.77002,128.417496,176.460007,201.0,56.218075,92.776581,23.690001,504.369995,13.235547,57.900455
2025-11-19,,33.73,118.29789,,,257.62149,167.90477,15.517013,,153.683289,531.090027,130.147507,176.309998,199.899994,55.332748,92.220398,23.09,501.26001,13.283782,57.56192
2025-11-20,,31.559999,116.335831,,,239.090714,155.598602,15.635464,,139.968872,519.609985,125.327499,159.570007,185.070007,55.890888,92.306702,22.879999,501.119995,13.032963,58.477966
2025-11-21,,32.189999,121.399521,,,236.098358,158.602783,15.467657,,138.930817,521.98999,122.667503,157.550003,182.899994,56.372044,93.946472,23.17,504.040009,13.264487,61.265949
2025-11-24,,33.32,126.066826,,,251.895248,165.774338,15.744041,,150.648956,524.599976,126.705002,158.440002,183.889999,56.949429,93.150566,22.860001,507.809998,13.389897,63.217545
2025-11-25,,32.48,124.778603,,,260.355347,167.472321,15.526883,,155.120605,528.890015,128.085007,158.990005,186.270004,56.295059,94.33963,22.959999,508.570007,13.32237,65.567413
2025-11-26,,32.830002,132.052063,,,270.684479,179.168518,15.803267,,157.446274,533.169983,125.385002,158.399994,185.350006,56.882069,94.521835,23.879999,511.230011,13.418839,64.352646
2025-11-28,223.279999,33.849998,132.141281,,,275.068665,181.675552,15.911849,,163.025848,540.140015,127.290001,160.009995,190.130005,56.670357,94.675262,24.0,513.809998,13.563542,64.233162
2025-12-01,210.169998,33.41,130.892685,,,268.517273,179.418228,15.635464,,163.235474,533.210022,126.032501,157.899994,187.729996,55.939007,94.282104,23.870001,508.549988,13.496013,63.486382
2025-12-02,205.350006,32.919998,134.717682,,,265.306183,189.716049,15.122176,,159.692078,537.75,129.137497,156.479996,189.880005,54.986317,93.591667,24.530001,506.649994,13.467072,62.679859
2025-12-03,194.380005,33.68,132.418716,,,257.154266,194.850006,15.03334,,155.300262,543.549988,131.042496,155.830002,193.630005,55.140285,93.860168,24.57,503.600006,13.2259,63.546124
2025-12-04,213.309998,34.23,137.730133,,,264.073456,198.395813,15.132049,,160.829407,550.609985,128.279999,153.0,195.679993,55.380863,93.140976,24.540001,503.230011,13.438132,63.267326
2025-12-05,228.470001,34.689999,137.650848,,,277.156342,200.533295,14.964243,,168.711044,550.950012,128.007507,151.410004,198.839996,55.900513,93.208084,26.08,504.339996,13.428485,61.41531
2025-12-08,225.470001,35.369999,139.137268,,,283.737518,202.750687,14.747084,,169.600098,553.119995,128.797501,154.279999,195.350006,53.918156,91.597092,27.23,497.230011,13.370604,60.031273
2025-12-09,219.460007,35.02,136.967117,,,281.202484,199.734238,14.796439,,169.360352,546.650024,129.494995,152.570007,195.0,54.495541,92.949188,28.26,491.429993,13.467072,58.567581
2025-12-10,232.860001,34.900002,139.35527,,,297.168396,203.769455,14.885277,,181.757202,568.390015,129.884995,151.199997,192.960007,55.323132,93.495773,29.530001,490.429993,13.312721,60.568958
2025-12-11,241.610001,34.02,137.343674,,,306.046051,203.729507,14.638503,,187.001633,581.030029,129.412506,149.899994,190.360001,55.746544,94.723206,29.49,495.850006,13.50566,60.0014
2025-12-12,206.179993,32.330002,128.801804,,,285.954498,193.142014,14.964243,,176.153152,564.280029,126.195,146.0,191.690002,56.112221,95.490364,29.98,499.519989,13.341662,58.258911
2025-12-15,201.869995,31.370001,129.326996,,,283.906555,194.470459,15.161659,,171.857697,551.789978,121.8675,142.050003,185.880005,56.86282,96.765732,29.709999,506.380005,13.370604,58.438137
2025-12-16,209.309998,31.66,132.537628,,,286.44162,192.063278,15.072823,,174.39502,555.059998,122.1325,140.050003,187.089996,56.121841,96.008186,28.9,499.839996,13.139077,57.193504
2025-12-17,206.830002,29.84,126.730751,,,276.02301,184.991638,15.477529,,166.083832,550.0,117.504997,136.710007,183.440002,57.295856,97.523285,28.209999,504.269989,13.004021,56.745438
2025-12-18,219.460007,29.370001,121.825623,,,290.28891,190.225464,15.615721,,174.824539,563.280029,119.315002,138.289993,185.880005,57.902111,97.475342,27.610001,503.390015,13.196959,56.854961
2025-12-19,237.610001,31.110001,125.274071,,,294.623352,194.949875,15.526883,,180.888138,594.200012,120.32,140.389999,186.880005,57.834747,97.206841,27.77,494.529999,13.052256,58.019939
2025-12-22,241.050003,31.07,125.462357,,,281.192535,196.987473,15.773655,,176.572723,600.190002,120.785004,141.839996,189.490005,58.344776,97.494514,28.75,499.950012,13.370604,58.706978
2025-12-23,244.899994,30.76,126.463196,,,281.142822,198.265976,15.655204,,178.061127,591.02002,119.709999,141.229996,188.119995,57.796261,96.976692,29.15,500.51001,13.40919,58.995739
2025-12-24,250.080002,30.549999,127.216316,,,284.342407,198.295929,15.615721,,179.369751,591.150024,119.277496,138.039993,187.220001,57.834747,98.127419,29.23,501.339996,13.467072,58.935993
2025-12-26,250.050003,30.639999,128.068527,,,285.289307,198.665497,15.566367,,181.347641,583.840027,120.297501,138.315002,188.449997,57.266991,98.146591,28.799999,498.299988,13.573188,58.965866
2025-12-29,244.25,30.08,126.304642,,,280.385315,197.127319,15.783525,,179.489609,580.549988,118.977501,137.940002,186.850006,57.834747,97.878098,28.790001,501.049988,13.63107,58.985783
2025-12-30,240.220001,29.65,126.760475,,,279.16925,196.438126,15.872363,,175.873444,572.109985,118.907501,137.479996,186.850006,58.075329,97.628769,28.940001,503.709991,13.988005,58.866295
2025-12-31,237.380005,29.27,124.73896,,,274.494568,193.331787,15.911971,,172.087463,567.929993,117.190002,135.990005,184.199997,57.757767,96.660255,28.82,502.649994,13.833654,58.557625
2026-01-02,275.23999,30.959999,126.641571,,,286.605042,207.315292,16.110003,,187.501114,563.450012,113.394997,133.770004,179.369995,58.633465,96.039574,28.51,496.850006,14.296705,59.394024
2026-01-05,274.079987,30.07,122.885925,,,288.887543,219.241196,15.971378,,187.680939,591.159973,114.137497,133.639999,182.119995,58.335152,96.553566,28.530001,498.519989,14.209884,62.759518
2026-01-06,349.630005,30.540001,122.806641,,,329.345612,228.57019,15.991182,,219.147552,626.650024,114.580002,137.100006,185.860001,58.229298,97.872498,28.469999,499.049988,14.373881,64.999863
2026-01-07,353.559998,30.01,118.981628,,,307.25766,222.217682,15.357477,,199.668213,620.909973,119.727501,141.445007,193.899994,57.084866,98.599846,28.59,496.119995,13.939771,64.770851
2026-01-08,334.540009,29.9,117.425858,,,283.545013,216.054962,15.565413,,187.481125,612.97998,115.967499,130.679993,190.800003,58.207813,99.695732,28.32,499.769989,13.717892,64.302864
2026-01-09,377.410004,30.16,119.526649,,,303.021484,217.003845,15.694134,,200.247604,631.690002,117.652496,125.489998,189.020004,59.555355,98.570755,28.889999,499.100006,13.814361,65.41806
2026-01-12,389.269989,30.120001,119.378014,,,320.434662,224.095474,15.545608,,211.915207,631.72998,116.747498,126.57,188.880005,58.578876,98.725937,28.4,498.670013,13.544248,66.274361
2026-01-13,389.809998,28.6,118.575348,,,317.404572,228.99971,15.575314,,213.773254,641.51001,117.004997,125.5,190.850006,59.252644,99.007172,28.860001,495.23999,13.47672,66.075218
2026-01-14,387.809998,28.27,117.614143,,,311.264587,229.918594,15.55551,,214.772186,629.219971,115.175003,122.410004,190.929993,60.170532,98.939278,28.629999,493.149994,13.50566,68.106476
2026-01-15,409.23999,29.42,118.575348,,,319.278412,227.431549,15.624822,,221.86467,637.190002,113.75,120.860001,187.729996,60.072887,98.725937,28.49,492.619995,13.930124,69.659775
2026-01-16,413.619995,32.639999,119.437454,,,325.16925,227.881012,15.456493,,221.275269,636.039978,113.470001,119.019997,187.660004,60.922421,100.539452,28.58,493.290009,13.688951,68.375313
2026-01-20,453.119995,31.41,110.544724,,,324.929993,223.715927,15.100034,,222.733749,620.52002,110.682503,117.0,184.059998,58.500755,99.50177,28.24,485.390015,13.283782,69.271446
2026-01-21,501.290009,32.240002,112.724365,,,343.100739,231.616608,15.02082,,241.643677,610.25,111.470001,123.459999,181.470001,58.99876,99.36599,28.530001,483.829987,13.737185,71.073677
2026-01-22,503.440002,32.450001,116.615875,,,345.403229,228.869843,14.951509,,243.032196,607.289978,113.442497,131.25,182.270004,59.311237,98.590157,28.360001,484.48999,14.09412,69.351112
2026-01-23,473.829987,31.700001,114.884102,,,344.974609,228.90979,14.802983,,236.139511,613.140015,113.122498,130.130005,180.179993,59.34053,98.696831,28.58,478.970001,13.746832,67.867508
2026-01-26,470.799988,30.799999,115.381737,,,357.125,231.476776,15.040624,,240.594803,605.070007,117.082497,136.639999,184.220001,60.190063,98.502876,28.24,483.470001,14.103768,67.339775
2026-01-27,481.429993,31.200001,114.117752,,,370.551178,238.658295,15.02082,,252.392273,610.219971,119.165001,138.210007,183.5,61.156776,98.415588,28.07,474.670013,14.393174,67.937202
2026-01-28,527.630005,31.209999,116.76516,,,441.489746,250.184692,14.78318,,279.403656,549.859985,117.297501,140.559998,183.740005,60.785713,96.805725,27.98,473.48999,14.653642,65.278656
2026-01-29,539.299988,30.120001,117.929626,,,445.11792,251.573044,15.010919,,278.11499,509.579987,111.154999,128.179993,176.199997,60.707596,97.552467,27.6,476.790009,14.508938,63.705441
2026-01-30,576.25,29.110001,113.898788,,,406.364349,240.765808,15.268362,,249.964844,483.579987,110.35125,129.320007,176.970001,60.81501,98.105255,27.540001,480.529999,14.30005,63.81496
2026-02-02,665.23999,29.709999,118.596474,,,431.542236,249.235809,14.931706,,269.943665,459.98999,109.712502,129.050003,175.419998,59.320999,97.300323,27.52,487.290009,14.378139,64.969986
2026-02-03,695.51001,29.67,116.59597,,,443.004822,282.646393,15.189149,,289.932465,451.290009,105.432503,119.660004,166.240005,60.033825,97.329422,27.190001,493.73999,15.705652,64.352646
2026-02-04,584.549988,33.759998,121.462845,,,417.268799,268.752777,16.070396,,269.124542,430.649994,103.839996,115.709999,166.720001,61.967251,100.471581,27.030001,503.829987,15.373774,68.375313
2026-02-05,576.200012,30.85,114.844292,,,404.131653,270.810364,16.119905,,259.914307,399.649994,94.290001,106.730003,154.770004,62.211372,101.68383,26.76,503.890015,15.217595,65.57737
2026-02-06,597.950012,34.380001,120.477531,,,427.924042,299.756134,16.238724,,282.280548,414.200012,98.875,111.690002,159.320007,62.504314,102.566353,27.360001,508.089996,15.666606,66.493416
2026-02-09,583.400024,33.529999,120.338188,,,423.618042,309.644501,16.189217,,285.686951,433.769989,102.010002,114.010002,166.0,62.28949,102.905777,27.209999,498.079987,15.676368,65.199005
2026-02-10,541.640015,33.330002,125.41407,,,394.94162,304.530548,16.585283,,262.281799,446.970001,103.347504,129.669998,165.509995,63.920204,104.399269,27.799999,500.299988,15.86183,64.521919
2026-02-11,599.340027,32.040001,123.572815,,,405.925781,321.071045,16.931841,,273.449921,434.450012,103.952499,127.330002,165.300003,65.482567,103.720413,27.99,500.019989,16.047293,63.177715
2026-02-12,630.289978,30.43,112.286446,,,429.768005,310.6633,17.387318,,283.798981,435.809998,102.885002,126.129997,162.809998,67.455055,101.586845,28.110001,500.01001,15.813025,59.284496
2026-02-13,626.559998,30.540001,116.934364,,,424.604828,314.420441,17.981419,,281.281647,429.670013,107.410004,125.199997,166.949997,69.779068,101.635338,27.99,497.549988,15.891113,59.753101
2026-02-17,590.590027,30.110001,115.540977,,,414.587494,305.297394,17.842794,,283.808929,431.940002,103.571251,122.559998,163.5,69.740013,103.002762,28.75,503.410004,15.998485,58.327324
2026-02-18,600.400024,29.709999,116.227715,,,422.760834,314.580322,17.704168,,296.245758,430.119995,103.940002,121.779999,152.350006,68.060471,102.265709,28.790001,499.070007,15.900876,59.154877
2026-02-19,621.090027,32.16,118.496933,,,407.640198,315.659454,17.922007,,284.368378,441.119995,105.535004,120.599998,150.990005,70.950844,102.673027,28.530001,496.940002,15.969203,58.07806
2026-02-20,649.969971,32.419998,121.69175,,,409.773224,324.602692,18.179451,,285.217468,433.910004,97.150002,115.660004,148.699997,72.005432,104.205307,28.75,498.200012,16.11562,57.350216
2026-02-23,666.48999,30.709999,118.576561,,,406.075287,318.257507,18.298269,,280.122894,423.440002,87.582497,102.614998,144.139999,72.894035,105.834579,28.92,494.089996,15.871591,54.598362
2026-02-24,638.52002,31.129999,119.213524,,,394.732269,328.839417,18.4765,,270.283325,442.51001,87.5625,104.43,141.669998,73.470154,104.447762,29.15,494.51001,15.881351,57.429981
2026-02-25,632.380005,33.599998,122.896034,,,420.478302,342.559021,18.466599,,290.641724,520.179993,90.827499,110.330002,144.839996,73.431091,104.729004,28.9,493.98999,15.978965,57.699184
2026-02-26,651.900024,32.279999,120.875626,,,408.337891,332.446716,18.694336,,281.950928,550.190002,95.275002,116.459999,149.399994,72.620628,105.165428,28.799999,502.670013,15.86183,57.749035
2026-02-27,635.359985,32.389999,147.3797,,,406.513824,319.786316,18.813156,,279.403656,542.400024,92.995003,111.959999,148.919998,72.981918,105.485451,28.17,504.950012,16.867228,58.825848
2026-03-02,619.080017,31.83,152.823837,,,378.285919,325.581909,18.922075,,269.793823,572.02002,96.214996,111.110001,150.149994,72.669441,107.008034,28.5,480.170013,13.87056,57.64933
2026-03-03,565.409973,30.68,144.493408,,,356.457153,303.988373,18.733944,,250.344452,579.090027,97.855003,111.769997,156.089996,72.12262,107.231094,28.200001,481.359985,13.841277,56.821785
2026-03-04,599.059998,32.650002,146.404327,,,373.790649,304.967651,18.694336,,261.023102,569.809998,101.919998,118.330002,158.559998,72.151909,106.872276,27.950001,487.480011,13.948648,57.679241
2026-03-05,565.590027,32.240002,145.827087,,,366.145538,305.347321,17.951712,,258.879364,570.48999,106.540001,122.360001,163.160004,69.544716,105.388474,28.0,500.399994,13.880321,55.725029
2026-03-06,527.330017,31.309999,145.787262,,,351.652832,272.842072,18.001221,,245.107391,574.01001,107.247498,125.75,165.050003,70.072014,104.302299,27.950001,498.980011,13.811993,53.73093
2026-03-09,588.72998,31.98,145.817123,,,373.112793,296.214294,17.99132,,261.907593,559.059998,108.532501,128.559998,165.100006,69.066246,103.3228,27.75,497.200012,13.851038,54.708038
2026-03-10,618.890015,31.790001,143.119934,,,383.040436,300.541016,18.040827,,266.065216,529.969971,109.082497,123.080002,165.580002,69.408012,103.574951,27.76,494.140015,13.87056,52.664089
2026-03-11,655.429993,31.790001,146.67305,,,384.714935,301.76004,17.961615,,268.653687,517.570007,110.5075,127.489998,164.929993,69.847427,103.768906,27.809999,493.570007,13.890082,53.461727
2026-03-12,618.820007,30.9,149.201035,,,372.763977,286.391785,17.892302,,261.028137,499.399994,110.385002,127.160004,168.119995,69.290833,102.168732,27.43,491.890015,13.880321,51.318077
2026-03-13,661.619995,30.75,150.902939,,,382.462311,286.201935,17.961615,,272.131683,496.179993,110.445,124.519997,167.020004,70.042725,101.334694,27.139999,490.029999,13.851038,50.699902
2026-03-16,703.630005,31.860001,155.799667,,,397.483307,298.042877,18.268566,,286.043549,489.640015,105.959999,126.57,167.449997,71.253548,103.138527,27.51,492.209991,13.860799,48.665928
2026-03-17,720.169983,31.51,152.286377,,,419.720764,299.172058,18.179451,,313.627533,506.570007,108.300003,128.869995,169.190002,71.204727,103.594345,27.639999,492.579987,13.860799,50.909286
2026-03-18,753.690002,30.35,148.504364,,,405.447296,299.841553,17.99132,,304.722717,508.410004,108.952499,131.259995,168.910004,70.950844,102.362701,27.35,484.470001,13.841277,50.660027
2026-03-19,772.090027,30.790001,156.018646,,,433.186829,302.169739,18.011124,,316.745697,502.179993,107.044998,129.940002,169.740005,70.198952,103.080353,27.629999,481.480011,13.811993,51.437721
2026-03-20,709.710022,20.530001,156.924332,,,409.892853,290.608551,17.149677,,292.929565,496.269989,102.25,125.080002,162.949997,68.109299,100.035164,27.42,480.940002,13.763188,51.328045
2026-03-23,702.48999,21.58,163.811615,255.050003,728.950012,402.706268,303.688629,17.218988,,294.618591,507.279999,103.327499,129.229996,164.050003,69.007652,100.626747,27.4,479.980011,13.743665,51.846512
2026-03-24,702.47998,22.23,176.073349,272.329987,801.98999,423.578186,319.896271,17.169481,,300.874939,456.600006,98.247498,122.57,157.210007,69.603302,100.006065,27.280001,479.329987,13.792471,52.275242
2026-03-25,677.859985,24.049999,183.139755,272.040009,777.169983,412.594849,323.11377,17.268497,,295.967804,460.149994,96.464996,123.290001,153.220001,69.515419,100.151535,27.219999,476.190002,13.724144,52.534473
2026-03-26,603.169983,22.209999,174.98851,243.289993,688.799988,378.216919,297.113617,17.199186,,273.191071,450.459991,98.154999,124.300003,156.360001,69.105293,100.56855,27.07,475.269989,13.675337,52.544445
2026-03-27,615.830017,21.969999,170.997467,243.479996,702.72998,379.494995,295.384918,17.001152,,275.179901,429.940002,92.394997,114.480003,147.020004,68.646362,99.763618,27.07,468.48999,13.665576,50.79961
2026-03-30,572.5,21.059999,163.881287,219.649994,654.789978,361.881683,276.139618,17.308104,,251.523651,415.070007,95.014999,115.809998,154.350006,70.150131,101.305603,27.09,474.660004,13.6851,51.886391
2026-03-31,635.340027,22.77,163.35379,238.210007,702.76001,391.167328,296.234283,17.447126,,270.332703,424.690002,97.602501,118.050003,160.320007,71.458611,103.002762,27.459999,479.200012,13.753427,52.10574
2026-04-01,692.72998,22.51,168.578964,247.800003,764.650024,422.479858,311.962311,17.625866,,297.556885,423.570007,98.327499,118.669998,160.669998,71.849205,103.963387,27.49,478.5,13.860799,53.322144
2026-04-02,701.590027,23.219999,173.545364,258.160004,826.880005,428.710388,309.374237,17.645727,,294.798462,412.809998,99.779999,120.360001,163.210007,71.732025,104.678963,27.32,477.350006,13.95841,52.973175
2026-04-06,724.630005,22.049999,172.360977,253.220001,772.280029,452.614197,315.189819,17.546427,,303.973145,413.070007,99.652496,116.5,161.949997,71.858963,104.669159,27.41,476.380005,13.987694,53.641197
2026-04-07,710.799988,22.67,176.84967,255.100006,815.75,468.010864,320.236023,17.496777,,311.778595,372.869995,105.807503,116.540001,169.869995,71.758163,104.963226,27.370001,478.079987,14.085304,53.671108
2026-04-08,780.900024,23.370001,184.59288,281.790009,896.02002,495.549133,358.017212,18.261391,,338.583008,391.529999,106.627502,116.5,173.779999,73.477745,105.267097,27.549999,479.75,14.056022,55.047035
2026-04-09,851.570007,23.219999,180.601837,284.170013,894.130005,500.01239,363.932678,18.499712,,337.683533,351.329987,98.669998,108.980003,166.990005,74.930504,105.267097,27.530001,485.200012,14.065783,55.405975
2026-04-10,851.77002,25.26,176.959152,307.5,897.299988,502.368835,367.709808,18.410343,,343.230316,345.940002,94.754997,105.370003,155.729996,74.83168,106.894287,27.440001,479.899994,14.046261,55.37606
2026-04-13,952.5,25.969999,188.892426,307.929993,871.179993,512.503479,369.848206,17.615936,,349.95639,359.630005,100.559998,110.080002,162.509995,71.540741,106.835464,27.389999,480.190002,14.056022,57.360184
2026-04-14,944.460022,27.200001,183.63739,313.420013,852.789978,532.632996,365.23172,17.437195,,366.00705,380.859985,99.622498,110.57,161.589996,71.520981,108.031349,27.370001,477.540009,14.056022,58.486855
2026-04-15,891.719971,27.290001,176.441605,308.200012,824.01001,518.813843,364.682129,17.268383,,364.787781,402.179993,102.790001,121.059998,164.110001,70.512939,107.972534,27.200001,474.089996,14.104827,58.317356
2026-04-16,919.469971,28.4,192.176834,328.0,891.219971,531.005432,365.641418,17.248526,,361.479706,393.079987,104.550003,123.470001,166.970001,70.76001,107.864716,27.389999,475.119995,14.153632,57.190689
2026-04-17,920.98999,28.559999,195.620483,345.019989,894.070007,546.921326,380.090393,17.139294,,372.303375,402.850006,105.987503,126.610001,167.850006,69.919983,110.305481,27.469999,474.579987,14.124349,59.055168
2026-04-20,913.02002,28.809999,203.274109,347.51001,895.109985,538.933411,374.924316,17.228664,,373.892456,403.75,108.287498,129.740005,169.559998,69.751976,110.109444,27.42,472.079987,14.13411,60.401188
2026-04-21,903.48999,28.43,212.009659,343.790009,836.919983,559.052917,379.640747,16.861252,,383.586823,404.920013,112.402496,129.289993,174.960007,68.911957,108.933159,27.309999,468.5,14.095066,59.49387
2026-04-22,979.070007,29.18,214.295883,350.470001,873.599976,579.002686,384.886749,16.76195,,388.873749,403.149994,116.669998,132.139999,181.199997,68.566055,107.952927,27.33,465.399994,14.104827,58.407089
2026-04-23,932.429993,26.75,211.790024,337.679993,846.890015,586.731018,400.684692,16.712301,,402.88559,392.640015,111.347504,127.860001,173.210007,69.514793,109.295853,26.9,470.549988,14.153632,52.045921
2026-04-24,989.900024,29.08,215.733505,336.089996,881.640015,585.363098,417.761688,16.493839,,403.765106,397.119995,112.032501,129.479996,178.539993,68.052155,108.844948,27.07,469.320007,14.143871,54.030045
2026-04-27,1070.199951,27.85,215.613708,321.529999,859.679993,594.958557,401.693939,16.275377,,400.496979,402.589996,113.652496,132.660004,182.899994,67.765556,108.972374,26.82,472.809998,14.143871,54.94733
2026-04-28,1002.349976,27.25,205.590256,303.970001,791.369995,578.153992,379.840576,16.146288,,390.762634,406.309998,113.747498,131.550003,180.990005,67.142952,110.168251,26.950001,478.160004,14.13411,53.352051
2026-04-29,1064.209961,26.32,205.320724,304.929993,858.320007,642.326721,306.096771,16.255518,,412.52002,400.540009,113.095001,133.979996,181.539993,67.142952,108.423439,27.049999,475.380005,14.104827,51.796658
2026-04-30,1096.51001,27.4,208.605286,319.709991,902.320007,672.62085,343.208496,16.503769,,434.267334,401.76001,111.4375,132.190002,179.320007,68.674767,108.70771,27.049999,473.600006,14.104827,55.156712
2026-05-01,1187.0,27.09,209.823273,329.5,949.929993,725.8302,345.157013,16.334959,,431.269073,402.309998,113.910004,140.529999,181.080002,69.060188,113.040337,26.969999,473.01001,14.110755,54.857597
2026-05-04,1255.859985,27.92,211.290848,329.890015,976.179993,737.422607,337.183075,16.096636,,442.102753,393.75,117.309998,146.690002,184.559998,68.190514,112.207138,26.959999,468.519989,14.110755,54.578423
2026-05-05,1406.319946,27.83,215.963135,335.730011,994.559998,769.843567,356.828125,16.215797,,464.989471,380.600006,119.1325,145.729996,183.979996,68.062042,113.010925,27.219999,465.519989,14.199689,56.512699
2026-05-06,1409.97998,34.66,238.406052,344.670013,944.280029,785.230225,382.188812,16.086708,,482.869049,385.859985,117.017502,143.710007,183.679993,67.992867,114.461662,27.200001,469.829987,14.170045,47.270058
2026-05-07,1339.959961,33.619999,229.890121,319.190002,892.580017,765.280457,353.840393,16.076777,,463.640259,426.890015,126.43,188.729996,196.529999,67.765556,113.383415,27.120001,475.079987,14.120637,50.759727
2026-05-08,1562.339966,35.369999,260.030304,335.26001,903.799988,781.455933,359.496063,15.957616,,479.720886,403.540009,131.942505,200.160004,207.880005,68.141098,113.393219,27.110001,475.940002,14.160163,48.217255
2026-05-11,1547.560059,33.52,246.632446,379.690002,1053.089966,832.74823,366.36087,16.096636,,515.53009,394.359985,135.565002,202.320007,213.660004,69.751976,113.138359,27.24,479.549988,14.179926,47.280029
2026-05-12,1452.02002,32.790001,238.545807,374.01001,992.369995,807.576355,358.177094,16.69244,,488.455811,393.660004,136.544998,199.940002,215.600006,70.433876,113.265793,27.200001,484.959991,14.249097,47.280029
2026-05-13,1447.22998,32.0,243.467667,403.709991,1030.369995,816.113403,363.103333,16.48391,,493.802673,376.820007,140.642502,205.309998,227.789993,69.791512,111.873856,27.25,485.519989,14.258978,44.7575
2026-05-14,1382.719971,33.029999,247.481049,404.940002,1001.809998,803.54248,356.278534,16.69244,,488.86557,388.190002,144.987503,202.839996,238.210007,69.900223,111.569984,27.120001,484.059998,14.288622,44.607941
2026-05-15,1407.609985,31.040001,241.59079,382.450012,970.700012,794.266479,337.622772,16.017195,,481.739685,391.880005,148.520004,207.979996,242.830002,68.34864,110.923035,26.98,482.700012,14.298504,43.172192
2026-05-18,1333.01001,30.85,237.637314,362.829987,884.97998,739.719177,320.805573,15.739155,,458.4133,399.369995,154.707504,208.820007,247.550003,67.637085,112.658043,27.1,488.380005,14.357793,44.380852
2026-05-19,1383.290039,30.559999,234.871872,353.630005,890.090027,732.240479,321.275208,16.295238,,455.534943,392.339996,154.220001,215.149994,240.130005,69.850807,112.569817,27.09,480.459991,14.397318,45.419701
2026-05-20,1392.560059,33.459999,242.529221,358.5,868.070007,749.933716,344.07785,16.195938,,459.352753,398.440002,162.527496,212.240005,246.660004,68.921829,113.765701,27.42,480.899994,14.555422,46.648342
2026-05-21,1542.23999,33.459999,252.38295,378.0,964.5,809.233826,353.304291,16.325029,,486.177124,389.839996,162.057495,218.039993,252.919998,69.495026,116.265297,27.1,479.980011,14.515896,47.317596
2026-05-22,1478.689941,35.580002,294.703003,377.570007,946.900024,811.500427,358.302368,16.374678,,483.998383,386.0,165.865005,222.320007,260.579987,70.34494,117.382759,27.030001,486.380005,14.506015,48.15667
2026-05-25,1478.689941,35.580002,294.703003,377.570007,946.900024,811.500427,358.302368,16.374678,,483.998383,386.0,165.865005,222.320007,260.579987,70.34494,117.382759,27.030001,486.380005,14.506015,48.15667
2026-05-26,1589.550049,37.099998,304.576691,381.350006,910.809998,844.480469,388.990601,16.305168,,524.34491,385.299988,167.887497,223.649994,256.75,70.404236,117.78466,27.0,483.619995,14.496134,47.916935
2026-05-27,1589.939941,38.189999,304.816315,380.179993,902.309998,869.342712,375.685669,16.414398,,530.291443,391.320007,161.339996,221.809998,248.470001,70.819313,118.666862,27.139999,479.920013,14.506015,48.036804
2026-05-28,1641.640015,41.299999,316.526947,376.950012,860.619995,879.387512,382.503052,16.176079,,530.871094,439.320007,167.75,225.240005,257.769989,69.455498,118.627655,27.040001,477.420013,14.515896,50.78376
2026-05-29,1694.97998,46.09,420.215607,361.470001,854.960022,878.468933,374.16626,16.225727,,530.901123,448.720001,182.75,247.350006,281.690002,69.119492,117.265129,27.01,474.480011,14.496134,51.622833
2026-06-01,1761.430054,46.880001,465.191284,362.899994,905.0,919.866211,369.328125,16.037056,,545.882385,476.880005,195.542496,277.48999,300.480011,68.279457,116.412331,27.25,470.290009,14.525778,50.733818
2026-06-02,1716.359985,50.169998,434.591858,426.890015,1029.150024,925.20813,392.469238,16.454119,,562.772522,490.119995,192.237503,269.130005,297.179993,70.08799,116.961258,27.18,471.51001,14.506015,49.714943
2026-06-03,1831.5,47.419998,420.385315,417.429993,938.0,939.266785,409.512726,16.732162,,593.764526,481.480011,186.902496,250.330002,280.429993,70.028694,117.059288,27.0,475.369995,14.53566,50.793747
2026-06-04,1759.680054,46.900002,421.353729,421.899994,945.080017,924.58905,406.703766,16.70237,,575.165344,513.200012,179.772507,243.600006,279.25,70.967545,118.421806,27.0,478.630005,14.555422,53.121174
2026-06-05,1559.319946,41.639999,393.73938,376.98999,863.659973,846.187866,357.792572,16.990343,,511.555786,486.119995,167.755005,234.110001,272.049988,72.469719,120.137215,26.24,488.130005,14.496134,51.932491
2026-06-08,1642.0,43.990002,400.108826,401.929993,895.400024,875.443542,374.546143,16.364748,,526.760925,471.059998,164.697495,231.679993,266.329987,70.008926,119.68631,26.469999,487.0,14.53566,52.591759
2026-06-09,1646.540039,40.639999,381.150177,355.940002,821.76001,844.730103,369.068237,16.464048,,517.553833,452.51001,161.232498,227.339996,260.519989,70.424004,121.980049,26.559999,487.769989,14.486252,54.349812
2026-06-10,1643.22998,29.27,369.219879,354.769989,853.26001,814.755493,347.456543,16.603069,,489.932709,447.589996,161.934998,227.630005,263.220001,70.661186,121.176262,26.23,483.679993,14.456608,52.441925
2026-06-11,1881.51001,31.969999,390.80423,363.579987,889.590027,866.776672,381.25354,16.672583,,529.120117,446.200012,172.882507,234.240005,279.529999,71.491325,122.254517,26.860001,485.790009,14.496134,53.960243
2026-06-12,1980.099976,30.459999,394.917419,385.029999,921.559998,929.631409,403.045197,16.831461,,562.749329,441.730011,170.699997,229.899994,279.619995,72.09417,123.352371,26.98,489.25,14.506015,53.940266
2026-06-15,2107.860107,30.85,408.395142,413.839996,957.23999,1017.258606,432.243958,16.464048,,653.320312,443.209991,173.227493,233.089996,284.540009,71.293678,122.244705,26.83,495.519989,14.506015,56.107864
2026-06-16,1991.550049,29.219999,403.413361,382.809998,875.359985,1029.779663,409.192841,16.622931,,680.86145,435.390015,169.872498,231.110001,279.899994,71.214615,120.941002,26.6,494.950012,14.466489,55.968018
2026-06-17,1958.800049,27.780001,418.628235,378.850006,869.97998,1064.457031,408.403107,16.325029,,711.901489,423.01001,170.740005,226.630005,282.130005,70.068222,118.098335,26.24,491.279999,14.436844,54.939159
2026-06-18,2184.75,30.66,408.824432,389.570007,850.0,1068.61084,437.751862,16.364748,,745.990479,423.399994,171.214996,223.0,287.779999,71.046608,118.010109,26.200001,489.459991,14.446726,57.875904
2026-06-22,2273.72998,35.459999,418.019226,425.480011,893.929993,1092.384766,456.824524,16.513699,307.784058,732.384888,410.029999,168.860001,221.369995,286.399994,71.352966,119.31382,26.950001,488.690002,14.47637,55.548485
2026-06-23,1963.599976,33.32,427.07428,381.220001,827.919983,1037.018677,419.958679,16.652719,278.971191,670.534729,433.040009,170.229996,220.570007,290.920013,72.084297,121.235069,26.879999,492.809998,14.525778,56.197762
2026-06-24,1914.459961,32.450001,433.343903,392.5,842.530029,992.454468,427.03598,17.000273,276.631775,643.623413,456.730011,168.255005,222.649994,285.26001,73.349274,122.156494,27.200001,494.809998,14.506015,58.814869
2026-06-25,2335.0,31.68,408.774536,407.25,861.969971,1024.538696,471.778778,16.960552,281.190643,675.173279,444.730011,169.662506,220.940002,293.089996,73.873055,122.087875,26.98,487.809998,14.486252,70.621788
2026-06-26,2090.709961,30.629999,398.830933,380.559998,816.97998,899.17926,436.69223,17.258453,266.704193,586.261841,464.829987,175.272507,239.770004,304.200012,74.782265,122.607399,26.74,498.660004,14.496134,70.921463
2026-06-29,2050.389893,28.15,413.925995,391.220001,851.400024,967.754272,463.032135,17.119434,277.681488,651.670837,510.600006,185.727493,248.570007,332.0,74.57473,122.940674,27.129999,496.0,14.456608,70.821571
2026-06-30,2273.72998,29.33,430.748199,394.470001,858.059998,964.227051,483.654205,16.750952,297.816528,638.515015,560.609985,190.785004,260.359985,341.019989,73.576576,120.999817,26.66,500.390015,14.486252,70.571846
2026-07-01,2032.219971,27.65,424.548462,368.649994,801.159973,914.45697,427.175903,16.501978,271.98288,598.177979,593.960022,193.184998,264.480011,352.040009,72.637718,119.120178,26.809999,499.73999,14.466489,70.921463
2026-07-02,1745.0,27.219999,393.669495,333.359985,728.320007,819.503052,368.948273,16.980007,245.229492,538.827026,597.039978,193.979996,260.359985,348.059998,74.772385,120.386459,26.48,507.779999,14.4072,70.751648
2026-07-06,1744.430054,27.190001,411.120636,335.700012,731.25,867.564575,379.374268,16.750952,249.208527,577.274719,622.349976,199.380005,255.369995,357.529999,73.961998,119.268562,26.120001,506.579987,14.397318,70.841545
2026-07-07,1617.699951,26.25,416.591583,314.130005,698.909973,826.977112,342.978241,17.109474,230.643097,531.929199,640.460022,194.619995,256.809998,337.040009,75.739998,120.801964,26.120001,504.0,14.446726,70.531891
2026-07-08,1727.180054,28.17,431.257355,317.049988,707.099976,859.331177,351.435028,16.980007,231.652863,550.123413,599.799988,191.119995,261.089996,320.589996,74.779999,119.139961,26.15,494.790009,14.466489,70.8815
2026-07-09,1858.27002,28.24,449.477264,327.23999,785.77002,889.377075,362.610718,17.109474,243.210007,577.864502,582.0,198.399994,269.0,338.309998,74.639999,119.436745,26.629999,495.450012,14.555422,71.071297
2026-07-10,1915.920044,28.309999,434.252411,324.5,802.01001,909.610901,359.461945,17.099516,235.809998,582.403076,565.799988,187.179993,257.540009,325.910004,75.199997,119.644501,26.59,493.709991,14.60483,71.22113
2026-07-13,1673.969971,27.66,426.405365,307.390015,768.150024,859.970642,340.979004,17.298695,217.529999,555.371704,547.030029,187.910004,260.23999,330.299988,75.970001,120.534851,27.09,496.850006,14.585067,71.281059
2026-07-14,1757.819946,27.65,456.785187,310.769989,814.799988,877.606506,353.094391,17.368408,222.440002,563.139221,547.26001,210.729996,270.730011,352.890015,76.580002,120.801964,27.48,491.089996,14.624593,71.151207
2026-07-15,1615.0,26.889999,411.999176,299.380005,752.0,827.636536,341.988617,17.43812,206.259995,513.67511,541.119995,206.770004,264.459991,354.019989,76.68,120.930565,27.27,488.350006,14.634475,71.400932
2026-07-16,1411.079956,24.68,390.734344,276.959991,706.22998,744.892883,322.176239,17.458038,188.300003,466.660187,541.75,203.759995,262.320007,353.98999,78.050003,124.017151,27.290001,493.119995,14.624593,71.690605
2026-07-17,1354.819946,24.18,395.686127,277.600006,732.820007,787.029114,322.236206,17.248899,188.679993,477.066864,510.279999,203.080002,258.690002,358.679993,77.629997,124.670074,26.870001,490.910004,14.594949,72.040222
2026-07-20,1390.949951,23.83,381.25,285.399994,765.549988,801.807251,333.631866,17.358448,194.940002,487.26358,527.47998,198.490005,263.200012,348.660004,77.25,124.244682,25.860001,491.25,14.624593,71.560753
2026-07-21,1589.400024,25.5,404.149994,317.220001,837.559998,891.115662,373.896393,17.418201,207.960007,548.21405,511.170013,191.149994,254.789993,342.149994,78.169998,124.244682,25.83,489.649994,14.644356,71.550758
2026-07-22,1599.27002,30.559999,441.799988,312.190002,829.700012,907.37262,369.318115,18.035658,210.990005,556.491333,491.48999,188.419998,245.770004,335.279999,80.379997,123.710472,25.85,489.390015,14.683881,71.700592
2026-07-23,1610.329956,31.200001,439.339996,313.220001,833.640015,912.628418,373.606476,17.467999,209.320007,558.12085,491.899994,183.419998,244.389999,325.630005,79.639999,123.492828,25.950001,490.850006,14.654237,71.690605
2026-07-24,1436.560059,30.1,437.5,282.390015,762.98999,851.007812,349.785645,17.776724,194.229996,519.633179,502.339996,183.279999,246.860001,323.790009,79.75,124.729439,25.77,494.929993,14.664119,71.520798
2026-07-27,1278.22998,29.809999,426.910004,271.309998,711.960022,816.335632,334.641449,17.52775,189.169998,497.760223,525.47998,180.110001,251.860001,317.320007,78.639999,125.768188,25.280001,497.179993,14.654237,71.540779
2026-07-28,1096.099976,28.450001,392.100006,243.330002,651.929993,746.701416,320.526886,17.707012,174.470001,463.361267,547.650024,181.800003,250.880005,319.0,79.790001,124.769012,25.610001,512.369995,14.654237,71.990273
2026-07-29,1015.890015,25.700001,369.640015,222.050003,602.349976,763.817688,319.287354,17.637299,163.399994,461.891724,531.200012,179.380005,264.200012,314.149994,78.629997,124.432648,25.639999,509.160004,14.644356,71.950317
2026-07-30,1279.959961,27.73,404.809998,249.059998,693.23999,850.997803,365.34964,17.707012,183.300003,532.868896,525.299988,185.220001,268.559998,325.679993,78.730003,122.76075,25.469999,509.679993,14.674001,71.950317
2026-07-31,1214.829956,28.4,405.369995,262.890015,713.940002,855.444275,367.548828,17.308653,187.559998,544.665161,527.76001,190.860001,267.970001,331.829987,73.370003,122.76075,26.299999,511.540009,14.68,72.010254
2026-08-03,1288.030029,28.639999,429.019989,288.140015,779.890015,830.394348,365.659515,17.358448,193.779999,527.050781,575.880005,202.539993,273.600006,347.130005,71.459999,122.32547,26.09,513.140015,14.71,72.060196
2026-08-04,1427.619995,31.690001,467.269989,323.730011,849.469971,844.672852,403.405029,17.378366,218.589996,548.383972,607.200012,211.220001,288.149994,366.339996,70.690002,121.504356,25.790001,517.219971,14.68,72.010254
2026-08-05,1350.5,30.32,462.700012,328.220001,826.26001,836.989014,389.240509,17.129393,211.020004,519.003357,609.48999,209.860001,283.170013,362.660004,68.32,120.524963,25.969999,518.849976,14.7,71.920357
2026-08-06,1258.579956,29.379999,437.649994,334.220001,838.059998,852.266846,384.742218,16.930214,210.539993,451.375092,522.460022,207.389999,229.289993,359.48999,67.230003,116.646957,26.4,524.609985,14.7,71.820465
2026-08-07,1212.209961,31.129999,453.769989,379.130005,890.169983,812.109009,379.164368,17.388325,218.720001,434.160614,571.01001,214.419998,233.929993,363.859985,68.620003,117.418602,26.780001,521.799988,14.73,72.210037
2026-08-10,1237.920044,31.459999,457.880005,325.149994,813.51001,800.34845,364.959808,16.970051,208.559998,438.199341,596.330017,225.160004,260.779999,385.040009,67.830002,115.875305,26.870001,529.419983,14.73,72.040222
2026-08-11,1271.050049,31.6,440.970001,328.570007,820.590027,819.862793,379.414246,17.228981,212.309998,437.789459,636.309998,221.899994,246.779999,383.799988,69.889999,115.489479,27.07,516.380005,14.7,72.07019
2026-08-12,1344.290039,37.610001,484.5,355.640015,932.469971,877.506592,402.585358,17.308653,217.080002,453.954285,599.780029,221.779999,240.910004,387.01001,69.400002,115.954453,27.65,510.0,14.71,72.150101
2026-08-13,1528.109985,39.16,494.51001,327.230011,880.409973,920.632019,410.362366,17.388325,222.179993,487.133636,615.590027,225.529999,252.240005,396.0,70.68,117.616455,27.75,506.929993,14.73,72.090164
2026-08-14,1641.109985,39.84,490.809998,325.829987,926.140015,972.660339,418.629211,17.766766,222.020004,508.636719,612.830017,216.949997,255.460007,384.269989,71.410004,117.121811,27.99,504.029999,14.73,72.319916
2026-08-17,1786.849976,38.279999,479.809998,351.220001,968.900024,993.993164,442.969849,17.428162,234.330002,535.838013,604.320007,213.899994,247.320007,375.76001,71.300003,116.755768,27.93,498.230011,14.76,72.309921
2026-08-18,1625.780029,37.41,468.649994,306.429993,873.309998,902.956177,404.134766,17.746847,216.0,496.000793,619.849976,212.919998,246.0,374.140015,73.690002,116.221558,28.48,502.959991,14.74,72.140114
2026-08-19,1568.869995,36.580002,437.549988,287.470001,827.599976,831.893127,379.504211,17.577545,237.270004,461.941711,645.719971,201.630005,233.520004,359.76001,73.440002,116.300697,28.530001,499.619995,14.7,72.399826
2026-08-20,1600.619995,36.5,434.779999,290.029999,879.280029,849.55896,383.002869,17.886272,251.009995,468.899475,614.26001,190.339996,232.550003,349.559998,74.660004,115.994019,28.23,496.859985,14.77,72.200043
2026-08-21,1596.079956,37.240002,442.079987,289.519989,866.710022,849.319153,375.595703,17.52775,237.039993,459.292572,627.75,191.949997,235.619995,357.869995,71.589996,115.489479,28.549999,495.820007,14.77,72.239998
2026-08-24,1493.119995,35.169998,433.190002,275.48999,830.169983,794.01355,364.759888,18.035658,229.289993,435.240295,597.590027,190.679993,225.770004,350.899994,73.970001,116.280914,28.700001,504.320007,14.75,72.389999
2026-08-25,1480.77002,38.459999,451.5,288.140015,885.565002,821.011841,366.289307,18.284632,240.380005,450.605347,613.26001,185.380005,222.990005,339.899994,74.779999,116.488663,28.9,504.320007,14.73,72.330002
2026-08-26,1499.369995,37.389999,463.820007,294.369995,939.030029,845.692078,362.960571,18.145205,245.110001,468.729523,607.47998,189.179993,227.669998,339.309998,74.510002,116.320488,28.75,504.910004,14.73,72.379997
2026-08-27,1484.949951,38.459999,472.26001,295.390015,956.140015,846.521423,371.917145,17.876314,241.449997,461.851746,611.200012,227.960007,242.929993,382.850006,73.68,115.667557,28.879999,503.700012,14.75,72.470001
2026-08-28,1484.97998,37.080002,456.23999,279.200012,895.0,829.095398,354.83371,16.531857,216.619995,459.302582,600.72998,218.399994,236.979996,371.589996,70.169998,115.499374,28.77,505.0,14.73,72.349998
2026-08-31,1566.699951,37.279999,456.01001,277.829987,914.76001,827.716492,349.695648,13.215526,211.660004,450.405396,566.559998,231.0,237.039993,382.130005,53.98,114.787086,28.530001,504.029999,14.74,72.309998
2026-09-01,1536.869995,36.709999,425.0,272.029999,868.950012,815.985901,335.331177,14.002283,210.389999,450.295441,518.299988,215.070007,223.839996,362.089996,58.799999,115.776375,28.32,502.329987,14.77,72.18
2026-09-02,1553.400024,37.0,492.200012,268.640015,870.580017,807.892334,341.488831,13.275279,206.479996,448.755951,506.980011,203.419998,209.229996,328.480011,55.189999,116.676636,28.389999,505.23999,14.8,72.300003
2026-09-03,1554.98999,37.869999,516.390015,264.410004,847.369995,797.970337,338.459991,13.902693,208.830002,441.428314,538.150024,214.970001,214.759995,331.940002,56.299999,115.904991,28.370001,508.130005,14.78,72.449997
2026-09-04,1740.0,39.59,524.140015,281.859985,881.255005,848.599792,357.029999,14.241298,223.550003,467.309967,515.669983,213.100006,212.929993,333.26001,56.77,115.835732,28.25,506.029999,14.79,72.43
2026-09-07,1740.0,39.59,524.140015,281.859985,881.255005,848.599792,357.029999,14.241298,223.550003,467.309967,515.669983,213.100006,212.929993,333.26001,56.77,115.835732,28.25,506.029999,14.79,72.43
2026-09-08,1737.98999,40.259998,533.880005,301.880005,978.534973,903.65564,372.059998,14.759162,225.410004,477.299988,505.429993,210.020004,210.229996,336.980011,59.330002,115.994019,28.120001,505.829987,14.83,72.309998
2026-09-09,1764.170044,38.93,535.25,303.480011,988.97998,885.210388,383.690002,14.131748,235.009995,482.279999,490.0,207.800003,225.270004,335.100006,57.439999,113.926414,27.91,506.720001,14.82,72.25
2026-09-10,1692.589966,37.380001,506.619995,293.170013,935.700012,861.639343,370.190002,13.972405,226.960007,460.929993,478.850006,208.860001,221.720001,338.48999,56.75,113.609833,28.200001,507.0,14.8,72.080002
2026-09-11,1633.349976,40.099998,567.289978,305.369995,927.030029,829.505066,379.720001,13.74335,236.100006,447.179993,479.339996,206.740005,221.210007,330.649994,56.0,113.134979,28.040001,510.369995,14.79,72.120003
2026-09-14,1551.98999,36.740002,534.280029,266.5,835.030029,804.904785,329.200012,13.544171,218.820007,426.940002,490.179993,235.380005,230.050003,373.940002,56.130001,113.303154,28.1,514.950012,14.8,72.269997
2026-09-15,1530.89502,35.639999,543.51001,271.170013,838.960022,771.191833,332.850006,13.096018,221.699997,411.959991,442.079987,242.490005,230.270004,375.089996,54.560001,112.709587,28.030001,516.76001,14.8,72.339996
2026-09-16,1519.969971,36.849998,563.289978,289.929993,919.400024,782.552673,341.149994,13.295197,229.710007,416.970001,468.420013,241.360001,230.789993,375.649994,54.810001,111.215759,28.07,519.799988,14.81,72.330002
2026-09-17,1614.390015,40.349998,588.400024,295.980011,893.609985,802.486694,353.130005,13.325074,240.759995,423.869995,453.5,245.699997,236.0,375.059998,55.5,110.562836,28.24,509.200012,14.85,72.410004
2026-09-18,1791.819946,39.09,568.059998,317.359985,930.909973,858.102112,371.470001,13.145813,244.25,441.359985,447.76001,237.649994,229.919998,363.579987,55.310001,109.721939,27.799999,509.769989,14.83,72.370003
2026-09-21,1766.640015,41.200001,575.309998,321.519989,954.48999,876.627319,381.540009,12.88688,257.380005,448.170013,452.059998,249.350006,245.050003,371.76001,54.950001,109.444931,30.799999,502.01001,14.83,72.470001
2026-09-22,1887.040039,41.540001,548.919983,310.390015,945.669983,919.103271,398.690002,12.827127,262.359985,464.600006,459.320007,250.059998,247.475006,374.570007,55.049999,109.276756,30.83,503.48999,14.82,72.550003
2026-09-23,1816.569946,41.439999,549.830017,300.600006,937.0,923.119995,389.140015,12.359056,260.899994,473.690002,450.609985,262.48999,251.490005,393.299988,53.509998,108.218216,30.76,507.170013,14.81,72.519997
2026-09-24,1753.619995,41.509998,536.02002,290.609985,929.039978,905.919983,387.700012,12.269425,258.950012,450.309998,445.0,259.670013,256.920013,389.920013,52.540001,109.167931,30.84,505.179993,14.85,72.57
2026-09-25,1777.800049,43.259998,562.890015,295.829987,941.650024,916.830017,398.380005,12.289343,261.940002,456.809998,430.109985,252.130005,268.130005,374.73999,52.650002,109.336113,30.860001,505.480011,14.87,72.610001
2026-09-28,1712.890015,41.779999,543.429993,282.450012,921.320007,921.51001,401.299988,11.900944,251.899994,453.230011,424.75,259.25,268.700012,392.089996,51.470001,108.653503,30.9,503.089996,14.87,72.510002
2026-09-29,1729.76001,41.02,539.590027,292.209991,973.48999,913.450012,403.019989,12.13,263.269989,453.480011,419.579987,262.73999,268.559998,388.410004,53.560001,108.218216,30.85,502.350006,14.86,72.379997
2026-09-30,1739.890015,41.07,537.950012,287.809998,971.26001,922.340027,400.910004,12.25,264.209991,454.459991,422.519989,264.75,273.850006,397.309998,53.73,107.130005,30.950001,497.950012,14.9,72.470001
2026-10-01,1787.689941,41.919998,541.73999,319.190002,1045.780029,945.570007,415.790009,12.17,268.079987,462.559998,422.209991,266.089996,276.459991,396.25,53.799999,108.029999,30.950001,500.5,14.92,72.400002
2026-10-02,1787.689941,41.919998,541.73999,319.190002,1045.780029,945.570007,415.790009,12.17,268.079987,462.559998,422.209991,266.089996,276.459991,396.25,53.799999,108.029999,30.950001,500.5,14.92,72.400002
