Ticker,Close,Confidence,Sentiment_Score,Signal_Pool,generated_at
SNDK,1740.0,47.74,,long,2026-10-03T01:02:46Z
SMCI,39.59000015258789,47.71,,long,2026-10-03T01:02:46Z
DELL,524.1400146484375,46.73,,long,2026-10-03T01:02:46Z
COHR,281.8599853515625,46.48,,long,2026-10-03T01:02:46Z
LITE,881.2550048828125,46.48,,long,2026-10-03T01:02:46Z
STX,848.5997924804688,46.48,,long,2026-10-03T01:02:46Z
TER,357.0299987792969,46.48,,long,2026-10-03T01:02:46Z
PCG,14.241297721862793,46.35,,long,2026-10-03T01:02:46Z
MRVL,223.5500030517578,46.26,,long,2026-10-03T01:02:46Z
WDC,467.3099670410156,46.26,,long,2026-10-03T01:02:46Z
AXON,515.6699829101562,46.2,,long,2026-10-03T01:02:46Z
CRWD,213.10000610351562,46.2,,long,2026-10-03T01:02:46Z
DDOG,212.92999267578125,46.2,,long,2026-10-03T01:02:46Z
PANW,333.260009765625,46.2,,long,2026-10-03T01:02:46Z
EIX,56.77000045776367,46.02,,long,2026-10-03T01:02:46Z
FRT,115.83573150634766,8.44,,short,2026-10-03T01:02:46Z
WBD,28.25,8.09,,short,2026-10-03T01:02:46Z
BRK-B,506.0299987792969,7.46,,short,2026-10-03T01:02:46Z
AES,14.789999961853027,6.16,,short,2026-10-03T01:02:46Z
TECH,72.43000030517578,5.94,,short,2026-10-03T01:02:46Z
