ticker,cusip6,issuer,title,inst_dollars,share
AAPL,037833,APPLE,Apple Inc.,96000452636836.0,0.9992174567928022
MSFT,594918,MICROSOFT,MICROSOFT CORP,65236165550734.0,0.9999276308048302
GILD,375558, Gilead Sciences Inc                              ,"GILEAD SCIENCES, INC.",58644039971845.0,0.9999553638842982
JNJ,478160,JOHNSON  JOHNSON                                                                ,JOHNSON & JOHNSON,50788978819036.0,0.9994842966190323
JPM,46625H,JPMORGAN & CHASE & CO,JPMORGAN CHASE & CO,39480948164280.0,0.9972262073958181
ORCL,68389X,ORACLE,ORACLE CORP,36469485461358.0,0.9999532595250564
AMZN,023135,AMAZON,AMAZON COM INC,34943150868237.0,0.9999001967169953
PFE,717081, Pfizer Inc                                       ,PFIZER INC,34368261600454.0,0.9999029125743341
INTC,458140, INTEL CORP,INTEL CORP,32442281030348.0,0.9998435829687222
CVX,166764,CHEVRON CORP,CHEVRON CORP,30692642170976.0,0.9999097617449293
HON,438516,HONEYWELL,HONEYWELL INTERNATIONAL INC,28118521654563.0,0.9999511208227957
PM,718172,PHILIP MORRIS,Philip Morris International Inc.,26412492798686.0,0.999783217535543
GOOGL,02079K,ALPHABET INC,Alphabet Inc.,25699818450541.0,0.9999519902111762
GOOG,02079K,ALPHABET INC,Alphabet Inc.,25699818450541.0,0.9999519902111762
TMO,883556,THERMO FISHER SCIENTIFIC,THERMO FISHER SCIENTIFIC INC.,25564594569569.0,0.9999797665130034
MRK,58933Y,MERCK & CO,"Merck & Co., Inc.",25289863538175.0,0.9618482616234948
V,92826C,VISA,VISA INC.,24754768864239.0,0.9999454444270716
C,172967, Citigroup Inc                   ,CITIGROUP INC,24722689327543.0,0.999715628533239
GE,369604,GENERAL ELECTRIC,GENERAL ELECTRIC CO,24227635434457.0,0.9998623305633567
MMM,88579Y,3M,3M CO,23832420804598.0,0.9988529341032394
VZ,92343V,VERIZON COMMUNICATIONS,VERIZON COMMUNICATIONS INC,23712824998632.0,0.9998924508694441
MCD,580135,MCDONALDS,MCDONALDS CORP,23467531811926.0,0.9998662580448867
PG,742718,PROCTER & GAMBLE,PROCTER & GAMBLE Co,23261111571543.0,0.9992434535847833
NVDA,67066G,NVIDIA,NVIDIA CORP,21875433848963.0,0.9999180911052737
MU,595112,MICRON TECHNOLOGY,MICRON TECHNOLOGY INC,21285949258562.0,0.999911179048215
CRM,79466L,SALESFORCE,"Salesforce, Inc.",20016251157671.0,0.9999359680264229
T,00206R,AT&T,AT&T INC.,19982536405161.0,0.9995926448226723
GS,38141G,GOLDMAN SACHS,GOLDMAN SACHS GROUP INC,19879914536353.0,0.9913952165637756
KO,191216,COCA COLA,COCA COLA CO,17753258546422.0,0.9998208467246821
LMT,539830,LOCKHEED MARTIN,LOCKHEED MARTIN CORP,17285606881270.0,0.9996937159928129
CMCSA,20030N,COMCAST CORP,COMCAST CORP,16615644534861.0,0.9996481737707363
CL,194162,COLGATE PALMOLIVE,COLGATE PALMOLIVE CO,16386723792090.0,0.9998582120761847
UNH,91324P,UNITEDHEALTH GROUP,UNITEDHEALTH GROUP INC,16333436058001.0,0.9998824952091042
CVS,126650,CVS HEALTH,CVS HEALTH Corp,15901748650750.0,0.999887485933855
MO,02209S,ALTRIA GROUP,"ALTRIA GROUP, INC.",14819596826220.0,0.999571671262349
HD,437076,HOME DEPOT,"HOME DEPOT, INC.",14643185253951.0,0.9998952722769909
PEP,713448,PEPSICO,PEPSICO INC,14518696249750.0,0.9997401230537407
AXP,025816,AMERICAN EXPRESS,AMERICAN EXPRESS CO,14298776805655.0,0.9998311885487556
MET,59156R, Metlife Inc                     ,METLIFE INC,13784793698579.0,0.9998495427681546
MCHP,595017,MICROCHIP TECHNOLOGY,MICROCHIP TECHNOLOGY INC,13261976537424.0,0.9999845511840417
ABBV,00287Y,ABBVIE,AbbVie Inc.,12668800727824.0,0.9997428577742667
AMGN,031162,AMGEN,AMGEN INC,12639973219876.0,0.9996225292470293
OMC,681919,OMNICOM GROUP,OMNICOM GROUP INC.,12339743475676.0,0.9999853230869675
MGM,55303Q,MGM RESORTS INTERNATIONAL,MGM Resorts International,12095235600000.0,0.823553214740291
BMY,110122,BRISTOL MYERS SQUIBB,BRISTOL MYERS SQUIBB CO,11385446604208.0,0.9998564198384877
UPS,911312,UNITED PARCEL SERVICE,UNITED PARCEL SERVICE INC,11032540181003.0,0.9999266949680108
MA,57636Q,MASTERCARD,Mastercard Inc,10272618129398.0,0.9997896766261084
SHW,824348,SHERWIN WILLIAMS,SHERWIN WILLIAMS CO,10025955268290.0,0.9999673509686976
SNDK,80004C,SANDISK,Sandisk Corp,9822719126672.0,0.999974840695436
PAYX,704326,PAYCHEX,PAYCHEX INC,9684806722015.0,0.9994342469014809
TGT,87612E,TARGET,TARGET CORP,9680390671352.0,0.9966358662617091
EBAY,278642,EBAY,EBAY INC,9638953561251.0,0.999917038152358
BA,097023,BOEING,BOEING CO,9633746709268.0,0.9995523350240799
TRV,89417E,TRAVELERS COMPANIES,"TRAVELERS COMPANIES, INC.",9616115205225.0,0.999896670483971
CSCO,17275R,CISCO SYSTEMS,"CISCO SYSTEMS, INC.",9356973260592.0,0.9999859836776193
ETN,G29183,EATON CORP COM,Eaton Corp plc,9295456692507.0,0.987792401519006
SBUX,855244,STARBUCKS,STARBUCKS CORP,9172773586978.0,0.9992968664903142
COP,20825C,CONOCOPHILLIPS,CONOCOPHILLIPS,8621734951329.0,0.9991852668509558
MDLZ,609207,MONDELEZ INTERNATIONAL INC,"Mondelez International, Inc.",8269342756979.0,0.9995794133901476
SYK,863667,STRYKER,STRYKER CORP,8107915198490.0,0.9999624857691879
BLK,09247X,BLACKROCK,"BlackRock, Inc.",8012690597578.0,0.926718442506837
NKE,654106,NIKE,"NIKE, Inc.",7729287876113.0,0.9998989475471531
NEE,65339F,NEXTERA ENERGY,NEXTERA ENERGY INC,7711283867662.0,0.9997681690771373
MS,617446,MORGAN STANLEY,MORGAN STANLEY,7571692347260.0,0.9941743226397223
AIG,026874,AMERICAN INTERNATIONAL,"AMERICAN INTERNATIONAL GROUP, INC.",7560371167611.0,0.9996159449452406
ORLY,67103H,O REILLY AUTOMOTIVE,O REILLY AUTOMOTIVE INC,7457725181825.0,0.9964309833349085
WDC,958102,WESTERN DIGITAL,WESTERN DIGITAL CORP,7296001679677.0,0.9998090254202572
BIIB,09062X,BIOGEN,BIOGEN INC.,7023710972571.0,0.9999339506668559
AZO,053332,AUTOZONE,AUTOZONE INC,6991348040909.0,0.9998731859461063
LLY,532457,ELI LILLY,ELI LILLY & Co,6957281017798.0,0.9999786160634914
LRCX,512807,LAM RESEARCH,LAM RESEARCH CORP,6308838759262.0,0.9998910636298942
DUK,26441C,DUKE ENERGY CORP,Duke Energy CORP,6260479459799.0,0.9998200257197295
ROST,778296,ROSS STORES,"ROSS STORES, INC.",6223310313312.0,0.999949693842978
TDG,893641,TRANSDIGM,TransDigm Group INC,6205780234944.0,0.9999474100284922
YUM,988498,YUM BRANDS,YUM BRANDS INC,6176708745153.0,0.9998922213269903
WSM,969904,WILLIAMS SONOMA,WILLIAMS SONOMA INC,5989420614610.0,0.9999893520901223
NFLX,64110L,NETFLIX,NETFLIX INC,5858023320330.0,0.9997160573659354
KR,501044,KROGER CO,KROGER CO,5559138716558.0,0.9999299939777602
MTD,592688,METTLER TOLEDO INTERNATIONAL,METTLER TOLEDO INTERNATIONAL INC/,5435900060651.0,0.9999394882005537
AON,G0408V,AON,Aon plc,5419298312720.0,0.9128216104064901
CMI,231021,CUMMINS,CUMMINS INC,5414761542462.0,0.9999113648074749
MCK,58155Q,MCKESSON,MCKESSON CORP,5404037440649.0,0.9993399516305336
ADM,039483,ARCHER DANIELS MIDLAND,Archer-Daniels-Midland Co,5313315613930.0,0.9998174905572673
FISV,337738,FISERV,FISERV INC,5139440547198.0,0.9988742827029139
AFL,001055,AFLAC,AFLAC INC,5094342448218.0,0.9999316339577905
INTU,461202,INTUIT,INTUIT INC.,5084132165199.0,0.9998825961060109
META,30303M,META PLATFORMS INC,"Meta Platforms, Inc.",5060910918814.0,0.9999988975204389
KMB,494368,KIMBERLY CLARK,KIMBERLY CLARK CORP,5024217720707.0,0.9997979650946776
CME,12572Q,CME GROUP,CME GROUP INC.,4961871682891.0,0.9988361298526054
TSLA,88160R,TESLA,"Tesla, Inc.",4958966950344.0,0.999985329335847
EQIX,29444U,EQUINIX,EQUINIX INC,4947194066319.0,0.9999764007145975
FDX,31428X,FEDEX,FEDEX CORP,4716857187381.0,0.9997721863740766
HAL,406216, Halliburton Co Hldg Co                           ,HALLIBURTON CO,4668799500655.0,0.9998500290871563
CAT,149123,CATERPILLAR,CATERPILLAR INC,4643245844773.0,0.9999188487155589
GD,369550,GENERAL DYNAMICS,GENERAL DYNAMICS CORP,4553209825969.0,0.9989932098902543
DE,244199,DEERE,DEERE & CO,4535993364003.0,0.9998693496052418
SWK,854502,STANLEY BLACK & DECKER INC,"STANLEY BLACK & DECKER, INC.",4532214630327.0,0.9957578109607689
REGN,75886F,REGENERON PHARMACEUTICALS,"REGENERON PHARMACEUTICALS, INC.",4513940648218.0,0.9998861215597943
BEN,354613,FRANKLIN RESOURCES,FRANKLIN RESOURCES INC,4464094819648.0,0.9991892974128257
ECL,278865,ECOLAB,ECOLAB INC.,4414981040771.0,0.999924066288053
BAX,071813,BAXTER INTERNATIONAL ,BAXTER INTERNATIONAL INC,4399741450801.0,0.9997417445022219
AME,031100,AMETEK,AMETEK INC/,4276678844617.0,0.9997605315548033
IBM,459200,INTERNATIONAL BUSINESS      MACHINES,INTERNATIONAL BUSINESS MACHINES CORP,4242269347334.0,0.999975498863045
ADI,032654,ANALOG DEVICES,ANALOG DEVICES INC,4240926586154.0,0.9999305004818789
ZTS,98978V,ZOETIS INC,Zoetis Inc.,4161357294669.0,0.999937365249833
ALL,020002,ALLSTATE,ALLSTATE CORP,4000439794729.0,0.9994154609176761
BDX,075887, Becton Dickinson & Co                            ,BECTON DICKINSON & CO,3991607969454.0,0.9998877578308565
CMS,125896,CMS ENERGY,CMS ENERGY CORP,3967852054724.0,0.9999731722796902
SO,842587,SOUTHERN,SOUTHERN CO,3901717513684.0,0.9984506865645376
PPL,69351T,PPL,PPL Corp,3897720626180.0,0.9998059308519398
PLD,74340W,PROLOGIS,"Prologis, Inc.",3877574859742.0,0.998858188933311
SCHW,808513,SCHWAB (CHARLES) CORP,SCHWAB CHARLES CORP,3853887943763.0,0.9999383847243354
PSX,718546,PHILLIPS 66,Phillips 66,3849620509230.0,0.9998062395637468
IT,366651,GARTNER,GARTNER INC,3843476938978.0,0.999979221731556
EXC,30161N,EXELON,EXELON CORP,3810308457633.0,0.9996111532727726
EIX,281020,EDISON INTERNATIONAL,EDISON INTERNATIONAL,3785575681037.0,0.9998601853109654
PYPL,70450Y,PAYPAL HLDGS,"PayPal Holdings, Inc.",3624138543272.0,0.9987595730452278
PSA,74460D,PUBLIC STORAGE,Public Storage,3590271337396.0,0.9984238589287299
CI,125509,CIGNA CORP,Cigna Group,3576604444863.0,0.8494375182056315
COST,22160K,COSTCO WHOLESALE,COSTCO WHOLESALE CORP /NEW,3572745155767.0,0.9999845223247966
XOM,30231G,EXXONMOBIL CORP,ExxonMobil Holdings Corp,3543512386000.0,1.0
CSX,126408,CSX,CSX CORP,3542601049154.0,0.9998888149132252
HUM,444859,HUMANA,HUMANA INC,3533160551597.0,0.9999094622777229
FITB,316773,FIFTH THIRD BANCORP,FIFTH THIRD BANCORP,3458724034812.0,0.9999281783866162
LEN,526057,LENNAR,LENNAR CORP /NEW/,3406845339028.0,0.9999757635385428
MOS,61945C,MOSAIC,MOSAIC CO,3354054276500.0,0.9949202555736805
COF,14040H,CAPITAL ONE FINANCIAL CO,CAPITAL ONE FINANCIAL CORP,3298706206486.0,0.9999557330885013
NXPI,N6596X,NXP SEMICONDUCTORS N V,NXP Semiconductors N.V.,3269267745395.0,0.9933988107771136
KHC,500754,KRAFT HEINZ CO,Kraft Heinz Co,3258064381969.0,0.9990914487180909
STT,857477,STATE STREET,STATE STREET CORP,3090023409141.0,0.9477750932374714
A,00846U,AGILENT TECHNOLOGIES,"AGILENT TECHNOLOGIES, INC.",3072562238765.0,0.9999149349160319
PH,701094,PARKER HANNIFIN,Parker-Hannifin Corp,3061167668425.0,0.9997432026377042
TMUS,872590,T MOBILE US INC,"T-Mobile US, Inc.",3002642927879.0,0.9998593350506177
UNP,907818,UNION PACIFIC,UNION PACIFIC CORP,2993057091689.0,0.99703664003408
CAH,14149Y,CARDINAL HEALTH,CARDINAL HEALTH INC,2939389911447.0,0.9997871756085014
SYY,871829,SYSCO,SYSCO CORP,2877073993069.0,0.9998652249942656
ADSK,052769,AUTODESK,"Autodesk, Inc.",2860521880080.0,0.9996702438445494
SPG,828806,SIMON PROPERTY,SIMON PROPERTY GROUP INC.,2822173754601.0,0.9999179926401189
HPQ,40434L,HP INC,HP INC,2800168519612.0,0.9998258850880274
AES,00130H,AES,AES CORP,2763804613757.0,0.999939566940544
ROL,775711,ROLLINS,ROLLINS INC,2738950350477.0,0.9999916114553662
NRG,629377,NRG ENERGY,"NRG ENERGY, INC.",2710961670750.0,0.9994434219600742
CCL,143658,CARNIVAL CORP,Carnival Corp Ltd.,2696570478473.0,0.9944496559024999
DLTR,256746,DOLLAR TREE,"DOLLAR TREE, INC.",2688199082729.0,0.9998561147644178
ISRG,46120E, Intuitive Surgical New                ,INTUITIVE SURGICAL INC,2662263401731.0,0.9997282862298544
EFX,294429,EQUIFAX,EQUIFAX INC,2618147323429.0,0.9999450403611738
NOW,81762P,*SERVICENOW INC,"ServiceNow, Inc.",2599346038876.0,0.9999124544616649
VTR,92276F,VENTAS,"Ventas, Inc.",2592797974126.0,0.9999154159134148
F,345370,FORD MOTOR,FORD MOTOR CO,2562188223257.0,0.9997447283220852
NSC,655844,NORFOLK SOUTHERN,NORFOLK SOUTHERN CORP,2556816376323.0,0.9998480004578002
WDAY,98138H,WORKDAY INC,"Workday, Inc.",2551434582682.0,0.999801320688583
ROK,773903,ROCKWELL AUTOMATION,"ROCKWELL AUTOMATION, INC",2494193847058.0,0.9988253733373907
HAS,418056,HASBRO,"HASBRO, INC.",2490957245971.0,0.9970005440212016
WELL,95040Q,WELLTOWER,WELLTOWER INC.,2468069130322.0,0.9999493641600051
IP,460146,INTERNATIONAL PAPER,INTERNATIONAL PAPER CO /NEW/,2460217053816.0,0.9998097101325737
PNC,693475,PNC FINANCIAL SERVICES,"PNC FINANCIAL SERVICES GROUP, INC.",2444759510314.0,0.9998617858772912
TECH,09073M,BIO TECHNE CORP,BIO-TECHNE Corp,2431548564735.0,0.9999867374344221
PPG,693506,PPG INDUSTRIES INC,PPG INDUSTRIES INC,2399743343511.0,0.9996776502929139
LVS,517834,LAS VEGAS SANDS,LAS VEGAS SANDS CORP,2396038150196.0,0.9997457450599044
GIS,370334,GENERAL MILLS,GENERAL MILLS INC,2383764946439.0,0.9999451342884784
WYNN,983134,WYNN RESORTS,WYNN RESORTS LTD,2375761295044.0,0.9998341909710988
PCG,69331C,PG  E CORP.                                                                     ,PG&E Corp,2351154523746.0,0.9997844591915281
EOG,26875P,EOG RESOURCES,EOG RESOURCES INC,2336330282833.0,0.9997323703627499
BBY,086516,BEST BUY,BEST BUY CO INC,2326255639894.0,0.9991129997366366
BSX,101137,BOSTON SCIENTIFIC,BOSTON SCIENTIFIC CORP,2314701160048.0,0.9997027351049866
TXN,882508,TEXAS INSTRUMENTS,TEXAS INSTRUMENTS INC,2302100323319.0,0.999970185507166
SPGI,78409V,S&P GLOBAL INC,S&P Global Inc.,2225366817429.0,0.9999354060071401
DIS,254687,WALT DISNEY,Walt Disney Co,2217060907039.0,0.9999956171896851
CTSH,192446,COGNIZANT TECHNOLOGY SOLUTIONS CORP,COGNIZANT TECHNOLOGY SOLUTIONS CORP,2196917557714.0,0.9997926030962164
SBAC,78388J,SBA COMMUNICATIONS,SBA COMMUNICATIONS CORP,2188998604096.0,0.8783108986554057
ON,682189,ON SEMICONDUCTOR,ON SEMICONDUCTOR CORP,2156689951173.0,0.9999287848208015
CBRE,12504L,CBRE GROUP INC,"CBRE GROUP, INC.",2143217738924.0,0.9998162076547596
SWKS,83088M,SKYWORKS SOLUTIONS,"SKYWORKS SOLUTIONS, INC.",2127319301047.0,0.9996569050550473
BRK-B,084670,BERKSHIRE HATHAWAY,BERKSHIRE HATHAWAY INC,2088018588362.0,0.9996062740091866
HST,44107P,HOST HOTELS & RESORTS,"HOST HOTELS & RESORTS, INC.",2068245067844.0,0.9998338167785775
ITW,452308,ILLINOIS TOOL WORKS,ILLINOIS TOOL WORKS INC,2022945536503.0,0.9999948729470783
TSN,902494,TYSON FOODS,"TYSON FOODS, INC.",2006125582188.0,0.9994412417020931
DTE,233331,DTE ENERGY,DTE ENERGY CO,1989451691798.0,0.9998481446408465
FCX,35671D,FREEPORT MCMORAN,FREEPORT-MCMORAN INC,1982383040238.0,0.9998991827392928
WMT,931142,WALMART INC,Walmart Inc.,1982156767680.0,0.9999977197869676
KEY,493267,KEYCORP,KEYCORP /NEW/,1962930516474.0,0.9997631591158392
WY,962166, WEYERHAEUSER CO,WEYERHAEUSER CO,1959184794526.0,0.9998552306219843
OKE,682680,ONEOK INC,ONEOK INC /NEW/,1925439095864.0,0.9994943384962698
DGX,74834L,QUEST DIAGNOSTICS,QUEST DIAGNOSTICS INC,1921730491498.0,0.9998941285630835
STZ,21036P, CONSTELLATION BRANDS INC,"CONSTELLATION BRANDS, INC.",1913721984250.0,0.9996457017173148
FAST,311900,FASTENAL,FASTENAL CO,1902533159286.0,0.9998436036940122
PODD,45784P,INSULET CORP,INSULET CORP,1882895289877.0,0.999984506330674
ED,209115,CONSOLIDATED EDISON,CONSOLIDATED EDISON INC,1851248272499.0,0.9998000393756371
EQT,26884L,EQT CORP,EQT Corp,1833576242779.0,0.9998162932694361
WM,94106L,WASTE MANAGEMENT,WASTE MANAGEMENT INC,1832321745518.0,0.9999742782970245
AMD,007903,ADVANCED MICRO DEVICES,ADVANCED MICRO DEVICES INC,1827314699495.0,0.9997049782668963
EMR,291011,EMERSON ELECTRIC,EMERSON ELECTRIC CO,1810581495393.0,0.9999224804234365
ALB,012653,ALBEMARLE  CORP,ALBEMARLE CORP,1806326884201.0,0.9999203434832803
ADP,053015,AUTOMATIC DATA PROCESSING,AUTOMATIC DATA PROCESSING INC,1799776112811.0,0.9999127819650359
MPC,56585A,MARATHON PETROLEUM,Marathon Petroleum Corp,1788824390366.0,0.9999799347102097
PCAR,693718,PACCAR,PACCAR INC,1785520725143.0,0.9998567553129024
NUE,670346,NUCOR,NUCOR CORP,1781195811302.0,0.999883523366308
NTAP,64110D,NETAPP,"NetApp, Inc.",1778601278287.0,0.9996526869811405
AOS,831865,SMITH  A O CORP,SMITH A O CORP,1757452988421.0,0.9999891577222686
XEL,98389B,XCEL ENERGY INC,XCEL ENERGY INC,1749924886101.0,0.9998149494120901
ZBH,98956P,ZIMMER BIOMET HLDGS INC,"ZIMMER BIOMET HOLDINGS, INC.",1712191482756.0,0.9997993266372277
GPC,372460,GENUINE PARTS,GENUINE PARTS CO,1699768235090.0,0.9999141884143653
VRSK,92345Y,VERISK ANALYTICS,"Verisk Analytics, Inc.",1695327103109.0,0.9998992638092395
NDAQ,631103,NASDAQ INC,"NASDAQ, INC.",1689904929410.0,0.9999841650404169
PRU,744320, Prudential Financial Inc        ,PRUDENTIAL FINANCIAL INC,1678199793553.0,0.9999989377247493
AWK,030420,AMERICAN WATER WORKS,"American Water Works Company, Inc.",1664732417877.0,0.9999555033349711
TEL,H84989,TE CONNECTIVITY,TE Connectivity plc,1639511544448.0,0.8685247289565294
PANW,697435,PALO ALTO NETWORKS,Palo Alto Networks Inc,1631441559669.0,0.999897319632731
EW,28176E, EDWARDS LIFESCIENCES CORP ,Edwards Lifesciences Corp,1612915369093.0,0.9847983094004744
STLD,858119,STEEL DYNAMICS,STEEL DYNAMICS INC,1609911719668.0,0.9999309413551767
WEC,92939U,WEC ENERGY GROUP,"WEC ENERGY GROUP, INC.",1605003733853.0,0.9984747732991479
SNPS,871607,SYNOPSYS,SYNOPSYS INC,1594286160365.0,0.9998885995701206
HSY,427866,HERSHEY,HERSHEY CO,1557946273993.0,0.9998275498297765
BKR,057224,BAKER HUGHES INC,Baker Hughes Co,1555594922303.0,0.8675159908103903
KMI,49456B,KINDER MORGAN,"KINDER MORGAN, INC.",1545547763347.0,0.9988477808404383
DOV,260003,DOVER CORP,DOVER Corp,1525868552319.0,0.9998358165555992
ROP,776696,ROPER TECHNOLOGIES,ROPER TECHNOLOGIES INC,1511103665638.0,0.9998400626056796
XYL,98419M,XYLEM,Xylem Inc.,1500068098567.0,0.9999031837700799
CF,125269,CF INDUSTRIES HLDG,"CF Industries Holdings, Inc.",1484401106809.0,0.9999969665905526
STX,G7945M,SEAGATE TECHNOLOGY,Seagate Technology Holdings plc,1478218727035.0,0.941472942454819
ACN,G1151C,ACCENTURE PLC,Accenture plc,1473794771531.0,0.9057273543459646
D,25746U,DOMINION ENERGY,"DOMINION ENERGY, INC",1466289401790.0,0.999999876880391
ICE,45866F,"INTERCONTINENTAL EXCHANGE GROUP, INC","Intercontinental Exchange, Inc.",1463004730353.0,0.9999765354118427
URI,911363,UNITED RENTALS,"UNITED RENTALS, INC.",1430944602200.0,0.9998658112146643
MSI,620076,MOTOROLA SOLUTIONS,"Motorola Solutions, Inc.",1429573244404.0,0.9998174089148253
AVY,053611,AVERY DENNISON,Avery Dennison Corp,1417657278550.0,0.999953311483937
EXR,30225T,EXTRA SPACE STORAGE,Extra Space Storage Inc.,1403863165900.0,0.9999268415268371
HLT,43300A,HILTON WORLDWIDE,Hilton Worldwide Holdings Inc.,1396233078667.0,0.9998842837163914
IFF,459506,INTERNATIONAL FLAVORS & FRAGRANCES,INTERNATIONAL FLAVORS & FRAGRANCES INC,1386845051457.0,0.9999987301344431
FTV,34959J,FORTIVE CORP,Fortive Corp,1379891822735.0,0.9999102414879645
GRMN,H2906T,GARMIN LTD,GARMIN LTD,1375597406674.0,0.9934422712707378
PTC,69370C,PTC,PTC INC.,1371298549729.0,0.99961034629281
BALL,058498,BALL,BALL Corp,1367078617424.0,0.99990248003888
SNA,833034,SNAP ON INC,Snap-on Inc,1364747222483.0,0.9999265580931381
VMC,929160,VULCAN MATERIALS,Vulcan Materials CO,1356090649284.0,0.9999989890066607
INCY,45337C,INCYTE CORP,INCYTE CORP,1328858858729.0,0.9998949028185056
ABT,002824,ABBOTT LABORATORIES,ABBOTT LABORATORIES,1301526810586.0,0.9999686592060882
LYV,538034,LIVE NATION ENTERTAINMENT,"Live Nation Entertainment, Inc.",1296156375410.0,0.9999990487869747
CTAS,172908,CINTAS,CINTAS CORP,1270065214636.0,0.9999515749633451
RTX,75513E,RTX CORP,RTX Corp,1268124208572.0,0.9993926786204661
GM,37045V, General Motors Corp                              ,General Motors Co,1235075568773.0,0.9994186770587674
HSIC,806407,HENRY SCHEIN,HENRY SCHEIN INC,1219609349802.0,0.9999881420288315
FE,337932,FIRSTENERGY,FIRSTENERGY CORP,1218067180109.0,0.9994795503849306
BRO,115236,BROWN & BROWN INC,"BROWN & BROWN, INC.",1185164812337.0,0.9998609660990954
CHRW,12541W,C H ROBINSON WORLDWIDE,"C. H. ROBINSON WORLDWIDE, INC.",1182944040513.0,0.9999238027090172
LIN,G54950,LINDE PLC,LINDE PLC,1182751777195.0,0.9923967274377603
RL,751212,RALPH LAUREN,RALPH LAUREN CORP,1181858384813.0,0.9998861044929782
MKC,579780,MCCORMICK,MCCORMICK & CO INC,1180073240189.0,0.9999065492804532
AEE,023608,AMEREN,AMEREN CORP,1164201852396.0,0.9991183605685394
ADBE,00724F,ADOBE,ADOBE INC.,1163819652182.0,1.0
GNRC,368736,GENERAC HLDGS INC,GENERAC HOLDINGS INC.,1160369400100.0,0.9999752886654885
O,756109,REALTY INCOME,REALTY INCOME CORP,1138728318449.0,0.9999249297828225
ES,30040W,EVERSOURCE ENERGY,EVERSOURCE ENERGY,1135518847987.0,0.9996336711522923
CIEN,171779,CIENA,CIENA CORP,1130652095146.0,0.9999056677661312
UBER,90353T,UBER TECHNOLOGIES INC,"Uber Technologies, Inc",1123412407513.0,0.9999935802954883
CMG,169656,CHIPOTLE MEXICAN GRILL,CHIPOTLE MEXICAN GRILL INC,1120308628772.0,0.9994732979131391
RCL,V7780T,ROYAL CARIBBEAN CRUISES LTD,ROYAL CARIBBEAN CRUISES LTD,1117788576357.0,0.9743188845653092
UDR,902653,UDR,"UDR, Inc.",1110769979655.0,0.9998500580441322
CNP,15189T,CENTERPOINT ENERGY,CENTERPOINT ENERGY INC,1109684959033.0,0.9997808056509851
DAL,247361,DELTA AIR LINES,"DELTA AIR LINES, INC.",1103158610586.0,0.9997329353413137
MLM,573284,MARTIN MARIETTA MATERIALS,MARTIN MARIETTA MATERIALS INC,1103108412822.0,0.9999487145644052
NI,65473P,NISOURCE,NISOURCE INC.,1090428027327.0,0.9997220900866788
AKAM,00971T,AKAMAI TECHNOLOGIES,AKAMAI TECHNOLOGIES INC,1056264972918.0,0.9998301207398621
DRI,237194,DARDEN RESTAURANTS,DARDEN RESTAURANTS INC,1050110767854.0,0.999899603179445
TRMB,896239,TRIMBLE,TRIMBLE INC.,1039618097766.0,0.9999802162033048
ANET,040413,* ARISTA NETWORKS INC COM,"Arista Networks, Inc.",1035271961564.0,0.9998274062024394
TROW,74144T,PRICE T ROWE GROUP INC,PRICE T ROWE GROUP INC,1032344475415.0,0.999769161376865
LUV,844741,SOUTHWEST AIRLINES,SOUTHWEST AIRLINES CO,1006504992089.0,1.0
IVZ,G491BT,INVESCO LIMITED,Invesco Ltd.,991007637140.0,0.9827183537705397
FSLR,336433,FIRST SOLAR,"FIRST SOLAR, INC.",964450888288.0,0.9998761572239675
ALLE,G0176J,ALLEGION PLC,Allegion plc,959997469610.0,0.998141094183474
GWW,384802,W W GRAINGER INC,"W.W. GRAINGER, INC.",958787361000.0,1.0
LDOS,525327,LEIDOS HLDGS INC,"Leidos Holdings, Inc.",948046701983.0,0.9831177447651612
RJF,754730,RAYMOND JAMES FINANCIAL,RAYMOND JAMES FINANCIAL INC,930679647145.0,0.9998316225895958
BKNG,09857L,BOOKING HLDGS INC,Booking Holdings Inc.,909282172900.0,0.9999660460343348
PWR,74762E,QUANTA SERVICES,"QUANTA SERVICES, INC.",905941699408.0,0.9995284486006201
L,540424,LOEWS CORP,LOEWS CORP,904000999349.0,0.9990955090046872
KEYS,49338L,KEYSIGHT TECHNOLOGIES,"Keysight Technologies, Inc.",902381001230.0,0.9998593642711262
RMD,761152,RESMED INC,RESMED INC,893771609386.0,0.999522229770153
MSCI,55354G,MSCI INC,MSCI Inc.,881959884527.0,0.9999704655153673
KLAC,482480,KLA CORP,KLA CORP,881417341824.0,0.9999053699067046
LULU,550021,LULULEMON ATHLETICA,lululemon athletica inc.,867358526425.0,0.9999180180665704
LNT,018802,ALLIANT ENERGY CORP,ALLIANT ENERGY CORP,858821651188.0,0.9999233518484342
HCA,40412C,HCA HEALTHCARE,"HCA Healthcare, Inc.",840171975940.0,0.9982553418987574
AIZ,04621X,ASSURANT,"ASSURANT, INC.",832377159010.0,0.9998664750030376
TXT,883203,TEXTRON INC,TEXTRON INC,831639840376.0,0.9997361969706533
APD,009158,AIR PRODUCTS & CHEMICALS,"Air Products & Chemicals, Inc.",789987843732.0,0.9999991683423247
DLR,253868,DIGITAL REALTY,"DIGITAL REALTY TRUST, INC.",779500856298.0,0.999994859557408
DG,256677,DOLLAR GENERAL,DOLLAR GENERAL CORP,774547722780.0,0.9998322956048366
FANG,25278X,DIAMONDBACK ENERGY,"Diamondback Energy, Inc.",768979045545.0,0.9994894816072782
FTNT,34959E,FORTINET INC,"Fortinet, Inc.",753993870453.0,0.9972287971191492
CPRT,217204,COPART INC,COPART INC,750370574994.0,0.9997685625554015
BNY,064058,BANK OF NEW YORK MELLON,Bank of New York Mellon Corp,747900137449.0,0.9995965882372284
NVR,62944T,NVR,NVR INC,728343593267.0,0.999716257071129
LII,526107,LENNOX INTERNATIONAL INC,LENNOX INTERNATIONAL INC,716406027549.0,0.999973361265993
ATO,049560,ATMOS ENERGY,ATMOS ENERGY CORP,713635085987.0,0.9998368543549533
CSGP,22160N,COSTAR GROUP,"COSTAR GROUP, INC.",682850409422.0,0.999861195344442
ESS,297178,ESSEX PROPERTY,"ESSEX PROPERTY TRUST, INC.",674714270268.0,0.9999583930069922
GEV,36828A,GE VERNOVA INC,GE Vernova Inc.,670949026574.0,0.9999735561017249
ALGN,016255,ALIGN TECHNOLOGY,ALIGN TECHNOLOGY INC,662726752328.0,0.999769211052455
AMP,03076C,AMERIPRISE FINANCIAL,AMERIPRISE FINANCIAL INC,649200456678.0,0.965154983017826
CDW,12514G,CDW,CDW Corp,638607112620.0,0.9999395952895096
RSG,760759,REPUBLIC SERVICES,"REPUBLIC SERVICES, INC.",634470077160.0,0.9989926090900821
DPZ,25754A,DOMINOS PIZZA INC,DOMINOS PIZZA INC,624959513851.0,0.9994875814969577
DXCM,252131,DEXCOM,DEXCOM INC,623392538657.0,0.9996066464431834
NCLH,G66721,NORWEGIAN CRUISE LINE HLDGS,Norwegian Cruise Line Holdings Ltd.,611722613591.0,0.9892692863885444
EME,29084Q,EMCOR GROUP INC,"EMCOR Group, Inc.",604400864673.0,0.9999272785066773
TER,880770,TERADYNE,"TERADYNE, INC",600646452392.0,0.9996166668367796
RF,7591EP,REGIONS FINANCIAL,REGIONS FINANCIAL CORP,591520818390.0,0.9997870449238961
PLTR,69608A,PALANTIR TECHNOLOGIES INC,Palantir Technologies Inc.,570535401696.0,0.9999999999702034
DELL,24703L,DELL TECHNOLOGIES INC,Dell Technologies Inc.,556577508490.0,0.9999523345428206
SYF,87165B,SYNCHRONY FINANCIAL,Synchrony Financial,550388079469.0,1.0
ULTA,90384S,ULTA BEAUTY,"Ulta Beauty, Inc.",545835263978.0,0.9996447105029993
CINF,172062,CINCINNATI FINANCIAL    ,CINCINNATI FINANCIAL CORP,542732497777.0,1.0
ELV,036752,ELEVANCE HEALTH INC,"Elevance Health, Inc.",540556812836.0,0.9999848369190449
PNW,723484,PINNACLE WEST CAPITAL,PINNACLE WEST CAPITAL CORP,533997602000.0,0.9999949419504356
TT,G8994E,TRANE TECHNOLOGIES PLC,Trane Technologies plc,533072352768.0,0.9997499237399621
PKG,695156,PACKAGING CORP OF AMERICA,PACKAGING CORP OF AMERICA,517580156507.0,0.9975734041028623
WTW,G96629,WILLIS TOWERS WATSON,WILLIS TOWERS WATSON PLC,516541078644.0,0.9710257401461699
WRB,084423,BERKLEY W R,BERKLEY W R CORP,503016789675.0,0.9998663986497635
DVA,23918K,DAVITA,DAVITA INC.,489130264283.0,0.9998533038829657
EXPE,30212P,EXPEDIA,"Expedia Group, Inc.",481509741201.0,0.9994845888039934
HPE,42824C,HEWLETT PACKARD ENTERPRISE CO,Hewlett Packard Enterprise Co,481076404469.0,0.9999815220978225
HUBB,443510,HUBBELL INC,HUBBELL INC,480434285187.0,0.9999764488820485
BF-B,115637,BROWN FORMAN CORP,BROWN FORMAN CORP,479025346303.0,0.9997741673486827
FICO,303250,FAIR ISAAC & CO INC,FAIR ISAAC CORP,467101065953.0,0.9999884344397549
MTB,55261F, M & T Bank Corporation                           ,M&T BANK CORP,462314362168.0,0.9988659431928524
GPN,37940X,GLOBAL PAYMENTS,GLOBAL PAYMENTS INC,456655373948.0,0.9999961666578573
CEG,21037T,CONSTELLATION ENERGY,Constellation Energy Corp,445533462847.0,0.9999193049690113
CNC,15135B,CENTENE,CENTENE CORP,445390780300.0,0.9999986034755122
LYB,N53745,LYONDELLBASELL INDUSTRIES N.V.,LyondellBasell Industries N.V.,442342524000.0,1.0
AEP,025537,AMERICAN ELECTRIC POWER,AMERICAN ELECTRIC POWER CO INC,441412531290.0,0.9927819870149587
AJG,363576,ARTHUR J GALLAGHER,Arthur J. Gallagher & Co.,423972762858.0,1.0
TYL,902252,TYLER TECHNOLOGIES,TYLER TECHNOLOGIES INC,421797352572.0,0.9999532774090378
NDSN,655663,NORDSON CORP,NORDSON CORP,419697363134.0,0.9999894806259348
HWM,443201,HOWMET AEROSPACE INC,Howmet Aerospace Inc.,418104537188.0,0.9999762893629304
PEG,744573,PUBLIC SERVICE ENTERPRISE GROUP,PUBLIC SERVICE ENTERPRISE GROUP INC,413090369000.0,0.9999477299377264
CARR,14448C,CARRIER GLOBAL CORP,CARRIER GLOBAL Corp,408575629314.0,1.0
FLEX,Y2573F,FLEX LTD,FLEX LTD.,408227204352.0,0.9892159901236246
COR,03073E,CENCORA,"Cencora, Inc.",399046669367.0,0.9993219664796364
EXPD,302130,"EXPEDITORS INTERNATIONAL OF WASHINGTON, INC.",EXPEDITORS INTERNATIONAL OF WASHINGTON INC,394009798000.0,0.9998527371643942
APP,03831W,APPLOVIN CORP,AppLovin Corp,386323212201.0,1.0
DECK,243537,DECKERS OUTDOOR CORP,DECKERS OUTDOOR CORP,378683468820.0,0.9998353485369843
FDS,303075,FACTSET RESEARCH SYSTEMS,FACTSET RESEARCH SYSTEMS INC,372088245000.0,0.9999414892290469
NWS,65249B,NEWS,NEWS CORP,368298096099.0,0.9985677835730916
NWSA,65249B,NEWS,NEWS CORP,368298096099.0,0.9985677835730916
EL,518439,ESTEE LAUDER COMPANIES INC.,ESTEE LAUDER COMPANIES INC,355319979100.0,1.0
JBL,466313,JABIL,JABIL INC,347070520110.0,0.999736861851885
SRE,816851,SEMPRA,SEMPRA,345555969831.0,1.0
ACGL,G0450A,ARCH CAPITAL GROUP,ARCH CAPITAL GROUP LTD.,344494521110.0,0.9557787967010024
CPT,133131,CAMDEN PROPERTY TRUST,CAMDEN PROPERTY TRUST,343234152184.0,0.9999987326452047
KIM,49446R,KIMCO REALTY,KIMCO REALTY CORP,339277907099.0,0.9998377139745359
CRWD,22788C,CROWDSTRIKE HLDGS INC,"CrowdStrike Holdings, Inc.",337358980628.0,0.9998919261666933
DASH,25809K,DOORDASH INC,"DoorDash, Inc.",335609025602.0,1.0
TDY,879360,TELEDYNE TECHNOLOGIES INC,TELEDYNE TECHNOLOGIES INC,330556365174.0,0.9999763132241353
CTVA,22052L,CORTEVA INC,"Corteva, Inc.",317379259649.0,0.9993768665114134
REG,758849,REGENCY CENTERS,REGENCY CENTERS CORP,314061822732.0,0.9999104428529315
KVUE,49177J,KENVUE INC,Kenvue Inc.,304618885376.0,0.9999999667059393
CBOE,12503M,CBOE GLOBAL MARKETS,"Cboe Global Markets, Inc.",303002984037.0,1.0
BR,11133T,BROADRIDGE FINANCIAL SOLUTIONS,"BROADRIDGE FINANCIAL SOLUTIONS, INC.",296757804547.0,0.9999791585225369
VRT,92537N,VERTIV HOLDINGS CO,Vertiv Holdings Co,294293380616.0,1.0
OTIS,68902V,OTIS WORLDWIDE CORP,Otis Worldwide Corp,293082255308.0,1.0
KDP,49271V,KEURIG DR PEPPER INC,Keurig Dr Pepper Inc.,292629466656.0,0.9999848308144957
IQV,46266C,IQVIA HLDGS INC,IQVIA HOLDINGS INC.,290218865088.0,0.9998634959223062
NTRS,665859,NORTHERN TRUST,NORTHERN TRUST CORP,288772172538.0,0.9994785458848076
VST,92840M,VISTRA CORP,Vistra Corp.,288200356922.0,1.0
PFG,74251V,PRINCIPAL FINANCIAL GROUP,PRINCIPAL FINANCIAL GROUP INC,287040533826.0,0.9997029490466359
INVH,46187W,INVITATION HOMES,Invitation Homes Inc.,280523416073.0,0.9999955476285849
PGR,743315,PROGRESSIVE CORP OH COM,PROGRESSIVE CORP/OH/,275887333635.0,1.0
ODFL,679580,OLD DOMINION FREIGHT LINE,"OLD DOMINION FREIGHT LINE, INC.",275883919450.0,1.0
ABNB,009066,AIRBNB INC,"Airbnb, Inc.",267864426275.0,0.999583266919421
AXON,05464C,AXON ENTERPRISE INC,"AXON ENTERPRISE, INC.",258439433475.0,0.9922809303517064
WST,955306,WEST PHARMACEUTICAL SERVICES,WEST PHARMACEUTICAL SERVICES INC,243766429570.0,1.0
LITE,55024U,LUMENTUM HLDGS INC,Lumentum Holdings Inc.,242865748722.0,0.9999238073294575
UHS,913903,UNIVERSAL HEALTH SERVICES,UNIVERSAL HEALTH SERVICES INC,242587602053.0,1.0
TRGP,87612G,TARGA RESOURCES,Targa Resources Corp.,237871481336.0,0.9999923152370264
CVNA,146869,CARVANA CO,CARVANA CO.,237123752389.0,1.0
CDNS,127387,CADENCE DESIGN SYSTEMS,CADENCE DESIGN SYSTEMS INC,233390030842.0,1.0
ECHO,278768,ECHOSTAR,EchoStar CORP,226979358393.0,0.9987056399784211
DDOG,23804L,DATADOG INC,"Datadog, Inc.",213181036086.0,0.9998761327263375
MPWR,609839,MONOLITHIC POWER SYSTEMS INC,"MONOLITHIC POWER SYSTEMS, INC.",205345284869.0,1.0
ZBRA,989207,ZEBRA TECHNOLOGIES,ZEBRA TECHNOLOGIES CORP,205046638235.0,0.9997258107672281
GDDY,380237,GODADDY INC,GoDaddy Inc.,199849751109.0,0.9993156468963468
IRM,462846,IRON MOUNTAIN,IRON MOUNTAIN INC,196443544403.0,0.8032031487118009
ARES,03990B,ARES MANAGEMENT CORPORATION,Ares Management Corp,195424452309.0,0.9959809602931685
DD,26614N,DUPONT DE NEMOURS INC,"DuPont de Nemours, Inc.",190834302274.0,0.9984188782809698
VLTO,92338C,VERALTO CORP,Veralto Corp,185322534720.0,0.9999999726261036
TTWO,874054,TAKE TWO INTERACTIVE SOFTWARE COM,TAKE TWO INTERACTIVE SOFTWARE INC,184906856457.0,1.0
JKHY,426281,JACK HENRY & ASSOCIATES INC,JACK HENRY & ASSOCIATES INC,184181763336.0,0.9999678286967192
SMCI,86800U,SUPER MICRO COMPUTER,"Super Micro Computer, Inc.",180536473436.0,0.9996594063806679
DOW,260557,DOW HLDGS INC,DOW INC.,180387939989.0,0.9999849805574198
BLDR,12008R,BUILDERS FIRSTSOURCE INC,"Builders FirstSource, Inc.",176414145414.0,0.9999276057125215
MRSH,571748,"MARSH & MCLENNAN COMPANIES, INC","MARSH & MCLENNAN COMPANIES, INC.",174470097475.0,0.9999445470105836
TTD,88339J,THE TRADE DESK INC,"Trade Desk, Inc.",163695574405.0,1.0
COIN,19260Q,COINBASE GLOBAL INC,"Coinbase Global, Inc.",157159844087.0,0.9948643570040454
TFC,89832Q,TRUIST FINANCIAL CORP,TRUIST FINANCIAL CORP,156845552313.0,0.9999999936243013
HIG,416515,HARTFORD INSURANCE GROUP INC,"HARTFORD INSURANCE GROUP, INC.",134845600978.0,0.9999792791898118
CPAY,219948,CORPAY INC,"CORPAY, INC.",127636202943.0,0.9999674150172289
EG,G3223R,EVEREST GROUP LTD,"EVEREST GROUP, LTD.",125487215162.0,0.9993650554758681
FOXA,35137L,FOX CORP,Fox Corp,123182749607.0,0.9994199220397962
FOX,35137L,FOX CORP,Fox Corp,123182749607.0,0.9994199220397962
MRNA,60770K,MODERNA,"Moderna, Inc.",121448609347.0,0.9999997270615849
CRL,159864,CHARLES RIVER LABORATORIES,"CHARLES RIVER LABORATORIES INTERNATIONAL, INC.",121021201613.0,0.9970714879139375
FIS,31620M,FIDELITY NATIONAL INFORMATION SERVICES,"Fidelity National Information Services, Inc.",120415834787.0,0.9999823684354373
SW,G8267P,SMURFIT WESTROCK PLC,Smurfit Westrock plc,120363478252.0,0.9983856414346577
WBD,934423,WARNER BROS DISCOVERY INC,"Warner Bros. Discovery, Inc.",118627618944.0,0.999967887447297
EVRG,30034W,EVERGY INC,"Evergy, Inc.",115992530053.0,0.9994552730934463
SLB,806857,SLB LIMITED,SLB LIMITED/NV,115391029676.0,0.9999999913338151
BG,H11356,BUNGE GLOBAL,Bunge Global SA,115094131748.0,0.9998597025756499
EXE,165167,EXPAND ENERGY CORP,EXPAND ENERGY Corp,114029027099.0,0.9990660503072031
J,46982L,JACOBS SOLUTIONS INC,JACOBS SOLUTIONS INC.,113511161543.0,0.9995532867717343
GEN,668771,GEN DIGITAL INC,Gen Digital Inc.,111132173654.0,0.9993901658111422
XYZ,852234,BLOCK,"Block, Inc.",110638230738.0,1.0
LH,504922,LABCORP HLDGS INC,LABCORP HOLDINGS INC.,110456456612.0,0.9980757327699185
HII,446413,HUNTINGTON INGALLS INDUSTRIES,"HUNTINGTON INGALLS INDUSTRIES, INC.",106435781377.0,0.9999635653193627
FFIV,315616,F5 INC,"F5, INC.",105791777487.0,0.9993180591593933
LOW,548661,LOWES COMPANIES,LOWES COMPANIES INC,101738498889.0,0.9999698098821795
TKO,87256C,TKO GROUP HOLDINGS INC,"TKO Group Holdings, Inc.",97419849934.0,1.0
DOC,42250P,HEALTHPEAK PROPERTIES INC,"HEALTHPEAK PROPERTIES, INC.",95883661396.0,0.9999927867271552
IBKR,45841N,INTERACTIVE BROKERS GROUP INC,"Interactive Brokers Group, Inc.",94611277034.0,0.9999761152148514
SJM,832696,J M SMUCKER CO NEW,J M SMUCKER Co,91282071718.0,0.9997943849249923
VTRS,92556V,VIATRIS INC,Viatris Inc,90671128886.0,0.9999995595953982
APA,03743Q,APA CORP,APA Corp,80334706072.0,0.9914363831312148
MAR,571903,Marriott International Inc/MD,MARRIOTT INTERNATIONAL INC /MD/,79067010134.0,1.0
FIX,199908,COMFORT SYSTEMS USA INC,COMFORT SYSTEMS USA INC,74546797923.0,0.9999455671574935
HOOD,770700,ROBINHOOD MARKETS INC,"Robinhood Markets, Inc.",73898114434.0,0.9998358414641871
GL,37959E,GLOBE LIFE,GLOBE LIFE INC.,73801333562.0,0.9981857755062491
AMCR,G0250X,AMCOR PLC,Amcor plc,70940313399.0,0.9398092730815945
BXP,101121,BXP INC,"BXP, Inc.",64766761094.0,1.0
UAL,910047,UNITED AIRLINES,"United Airlines Holdings, Inc.",63612250631.0,0.9999854663912362
CASY,147528,CASEYS GENERAL STORES,CASEYS GENERAL STORES INC,61211683000.0,1.0
RVTY,714046,REVVITY INC,"REVVITY, INC.",60531697722.0,0.9999841406269613
MAA,59522J,"MID-AMERICA APARTMENT COMMUNITIES, INC.",MID AMERICA APARTMENT COMMUNITIES INC.,49219631000.0,1.0
SOLV,83444M,SOLVENTUM CORP,Solventum Corp,37173281508.0,0.9999990100157404
TAP,60871R,MOLSON COORS BEVERAGE CL,MOLSON COORS BEVERAGE CO,33475886101.0,1.0
Q,74743L,QNITY ELECTRONICS INC,"Qnity Electronics, Inc.",31116698631.0,0.9999397129521704
GEHC,36266G,GE HealthCare Technologies Inc,GE HealthCare Technologies Inc.,31073172220.0,0.9997989222553614
VICI,925652,VICI PROPERTIES INC,VICI PROPERTIES INC.,28697263657.0,0.9999850935396346
WAB,929740,Westinghouse Air Brake Technologies Corp,WESTINGHOUSE AIR BRAKE TECHNOLOGIES CORP,22867198323.0,1.0
VEEV,922475,VEEVA SYSTEMS,VEEVA SYSTEMS INC,22229713646.0,1.0
COO,216648,COOPER COMPANIES,"COOPER COMPANIES, INC.",20221549202.0,1.0
ERIE,29530P,ERIE INDEMNITY CO,ERIE INDEMNITY CO,18731886313.0,0.9991268210111512
ARE,015271,ALEXANDRIA REAL ESTATE EQUITIES,"ALEXANDRIA REAL ESTATE EQUITIES, INC.",15553673824.0,0.9999562205562743
PSKY,69932A,PARAMOUNT SKYDANCE CORP,Paramount Skydance Corp,9910031982.0,1.0
FRT,313745,FEDERAL REALTY INVESTMENT TRUST,FEDERAL REALTY INVESTMENT TRUST,8737022839.0,0.998369840115844
WMB,096945,"WILLIAMS COMPANIES, INC       ","WILLIAMS COMPANIES, INC.",124543000.0,0.9637530633477257
CRH,SB01ZK,CRH PUBLIC LIMITED PLC,CRH PUBLIC LTD CO,4018002.0,1.0
